Player,PB,All-Pro,MVP,SB_Wins,Yds,From,To,Age_Start,Age_End,GS,Cmp,Att,Inc,Cmp%,Yds.1,TD,Int,Pick6,TD%,Int%,Rate,Sk,Yds.2,Sk%,Y/A,AY/A,ANY/A,Y/C,Y/G,Succ%,W,L,T,4QC,GWD,MVP,SB_Wins,P_Yds,P_G,P_GS,P_Cmp,P_Att,P_Inc,P_Cmp%,P_Yds.1,P_TD,P_Int,P_Pick6,P_TD%,P_Int%,P_Rate,P_Sk,P_Yds.2,P_Sk%,P_Y/A,P_AY/A,P_ANY/A,P_Y/C,P_Y/G,P_Succ%,P_W,P_L,P_4QC,P_GWD,HOF
Drew Brees,13,1,0,1,80358,2001,2020,22,41,286,7142,10551,3409,67.7,80358,571,243,27,5.4,2.3,98.7,420,2991,3.83,7.6,7.66,7.1,11.3,280,51.2,172,114,0,36,53,0,1,5366,18,18,481,721,240,66.7,5366,37,15,0,5.1,2.1,97.1,29,206,3.87,7.4,7.53,6.97,11.2,298.1,52.3,9,9,2,3,1
Peyton Manning,14,7,5,2,71940,1998,2015,22,39,265,6125,9380,3255,65.3,71940,539,251,27,5.7,2.7,96.5,303,1953,3.13,7.7,7.61,7.17,11.7,270.5,51.4,186,79,0,43,54,5,2,7339,27,27,649,1027,378,63.2,7339,40,25,4,3.9,2.4,87.4,40,298,3.75,7.1,6.83,6.29,11.3,271.8,49.8,14,13,2,2,1
Brett Favre,11,3,3,1,71838,1991,2010,22,41,298,6300,10169,3869,62,71838,508,336,32,5,3.3,86,525,3487,4.91,7.1,6.58,5.93,11.4,237.9,46.9,186,112,0,28,43,3,1,5855,24,24,481,791,310,60.8,5855,44,30,4,5.6,3.8,86.3,36,234,4.35,7.4,6.81,6.23,12.2,244,46.2,13,11,2,2,1
Dan Marino,9,3,1,0,61361,1983,1999,22,38,240,4967,8358,3391,59.4,61361,420,252,28,5,3,86.4,270,1930,3.13,7.3,6.99,6.55,12.4,253.6,48.5,147,93,0,33,47,1,0,4510,18,18,385,687,302,56,4510,32,24,1,4.7,3.5,77.1,22,141,3.1,6.6,5.92,5.54,11.7,250.6,45,8,10,3,4,1
Eli Manning,4,0,0,2,57023,2004,2019,23,38,234,4895,8119,3224,60.3,57023,366,244,22,4.5,3,84.1,411,2870,4.82,7,6.57,5.92,11.6,241.6,45.2,117,117,0,27,37,0,2,2815,12,12,242,400,158,60.5,2815,18,9,0,4.5,2.3,87.4,27,155,6.32,7,6.93,6.12,11.6,234.6,45.2,8,4,4,5,0
John Elway,9,0,1,2,51475,1983,1998,23,38,231,4123,7250,3127,56.9,51475,300,226,18,4.1,3.1,79.9,516,3785,6.64,7.1,6.52,5.6,12.5,220,43.1,148,82,1,31,40,1,2,4964,22,21,355,651,296,54.5,4964,27,21,1,4.1,3.2,79.7,39,318,5.65,7.6,7,6.15,14,225.6,43,14,7,4,6,1
Warren Moon,9,0,0,0,49325,1984,2000,28,44,203,3988,6823,2835,58.4,49325,291,233,16,4.3,3.4,80.9,458,3415,6.29,7.2,6.55,5.66,12.4,237.1,46.1,102,101,0,25,35,0,0,2870,10,10,259,403,144,64.3,2870,17,14,0,4.2,3.5,84.9,24,178,5.62,7.1,6.4,5.63,11.1,287,51.3,3,7,1,2,1
Fran Tarkenton,9,1,1,0,47003,1961,1978,21,38,239,3686,6467,2781,57,47003,342,266,12,5.3,4.1,80.4,570,5207,8.1,7.3,6.47,5.21,12.8,191.1,43.9,124,109,6,29,33,1,0,1803,11,11,149,292,143,51,1803,11,17,1,3.8,5.8,58.6,20,155,6.41,6.2,4.31,3.54,12.1,163.9,36.8,6,5,1,1,1
Carson Palmer,3,0,0,0,46247,2004,2017,25,38,181,3941,6307,2366,62.5,46247,294,187,22,4.7,3,87.9,340,2364,5.12,7.3,6.93,6.22,11.7,254.1,47.4,92,88,1,22,35,0,0,796,4,4,67,118,51,56.8,796,5,7,1,4.2,5.9,66.9,9,65,7.09,6.7,4.92,4.06,11.9,199,44.1,1,3,1,1,0
Vinny Testaverde,2,0,0,0,46233,1987,2007,24,44,214,3787,6701,2914,56.5,46233,275,267,23,4.1,4,75,417,2992,5.86,6.9,5.93,5.16,12.2,198.4,42.8,90,123,1,29,33,0,0,1320,7,5,114,189,75,60.3,1320,6,5,0,3.2,2.6,81,7,36,3.57,7,6.43,6.02,11.6,188.6,45.4,2,3,0,0,0
Drew Bledsoe,4,0,0,0,44611,1993,2006,21,34,193,3839,6717,2878,57.2,44611,251,206,15,3.7,3.1,77.1,467,3135,6.5,6.6,6.01,5.18,11.6,230,43.1,98,95,0,24,31,0,0,1335,7,6,129,252,123,51.2,1335,6,12,0,2.4,4.8,54.9,17,131,6.32,5.3,3.63,2.91,10.3,190.7,37.2,3,3,0,0,0
Dan Fouts,6,2,0,0,43040,1973,1987,22,36,171,3297,5604,2307,58.8,43040,254,242,12,4.5,4.3,80.2,319,2304,5.39,7.7,6.64,5.9,13.1,237.8,49.3,86,84,1,21,23,0,0,2125,7,7,159,286,127,55.6,2125,12,16,0,4.2,5.6,70,13,95,4.35,7.4,5.75,5.18,13.4,303.6,46.2,3,4,3,3,1
Kerry Collins,2,0,0,0,40922,1995,2011,23,39,180,3487,6261,2774,55.7,40922,208,196,20,3.3,3.1,73.8,337,2230,5.11,6.5,5.79,5.16,11.7,206.7,42.7,81,99,0,21,30,0,0,1556,7,7,141,241,100,58.5,1556,12,11,1,5,4.6,75.3,10,56,3.98,6.5,5.4,4.96,11,222.3,44.2,3,4,0,0,0
Joe Montana,8,3,2,4,40551,1979,1994,23,38,164,3409,5391,1982,63.2,40551,273,139,6,5.1,2.6,92.3,313,2095,5.49,7.5,7.37,6.6,11.9,211.2,47.8,117,47,0,26,28,2,4,5772,23,23,460,734,274,62.7,5772,45,21,3,6.1,2.9,95.6,45,271,5.78,7.9,7.8,7,12.5,251,49.7,16,7,5,5,1
Johnny Unitas,10,5,3,1,40239,1956,1973,23,40,184,2830,5186,2356,54.6,40239,290,253,17,5.6,4.9,78.2,307,3090,7.03,7.8,6.68,5.46,14.2,190.7,,118,63,4,34,38,3,1,1663,9,8,120,226,106,53.1,1663,7,10,1,3.1,4.4,68.9,10,129,5.99,7.4,5.99,4.07,13.9,184.8,,6,2,2,2,1
Dave Krieg,3,0,0,0,38147,1980,1998,22,40,175,3105,5311,2206,58.5,38147,261,199,12,4.9,3.7,81.5,494,3794,8.51,7.2,6.48,5.27,12.3,179.1,42.5,98,77,0,23,25,0,0,1895,12,9,144,282,138,51.1,1895,11,9,0,3.9,3.2,72.3,27,217,8.74,6.7,6.06,4.83,13.2,157.9,36.9,3,6,1,1,0
Boomer Esiason,4,1,1,0,37920,1984,1997,23,36,173,2969,5205,2236,57,37920,247,184,11,4.7,3.5,81.1,318,2438,5.76,7.3,6.64,5.82,12.8,202.8,44.8,80,93,0,19,26,1,0,600,5,5,51,99,48,51.5,600,4,3,0,4,3,71.1,14,104,12.39,6.1,5.51,3.9,11.8,120,38.1,3,2,0,0,0
Donovan McNabb,6,0,0,0,37276,1999,2011,23,35,161,3170,5374,2204,59,37276,234,117,7,4.4,2.2,85.6,410,2626,7.09,6.9,6.83,5.89,11.8,223.2,43.3,98,62,1,16,24,0,0,3752,16,16,341,577,236,59.1,3752,24,17,3,4.2,2.9,80,48,308,7.68,6.5,6.01,5.05,11,234.5,41.6,9,7,1,1,0
Matt Hasselbeck,3,0,0,0,36638,1999,2015,24,40,160,3222,5330,2108,60.5,36638,212,153,13,4,2.9,82.4,360,2260,6.33,6.9,6.38,5.58,11.4,175.3,45.3,85,75,0,15,24,0,0,2741,11,11,236,406,170,58.1,2741,18,9,1,4.4,2.2,84.2,19,115,4.47,6.8,6.64,6.07,11.6,249.2,45.2,5,6,2,2,0
Alex Smith,3,0,0,0,35650,2005,2020,21,36,167,3250,5193,1943,62.6,35650,199,109,8,3.8,2.1,86.9,432,2463,7.68,6.9,6.69,5.74,11,204.9,42.5,99,67,1,19,23,0,0,1745,7,7,156,253,97,61.7,1745,14,2,0,5.5,0.8,97.4,18,102,6.64,6.9,7.65,6.76,11.2,249.3,41.7,2,5,1,1,0
Jim Kelly,5,1,0,0,35467,1986,1996,26,36,160,2874,4779,1905,60.1,35467,237,175,12,5,3.7,84.4,323,2427,6.33,7.4,6.77,5.86,12.3,221.7,47,101,59,0,21,28,0,0,3863,17,17,322,545,223,59.1,3863,21,28,1,3.9,5.1,72.3,25,168,4.39,7.1,5.55,5.01,12,227.2,48.2,9,8,1,1,1
Jay Cutler,1,0,0,0,35133,2006,2017,23,34,153,3048,4920,1872,62,35133,227,160,19,4.6,3.3,85.3,322,2035,6.14,7.1,6.6,5.81,11.5,229.6,45,74,79,0,23,28,0,0,354,2,2,21,42,21,50,354,2,1,0,4.8,2.4,84.8,5,28,10.64,8.4,8.31,6.83,16.9,177,34,1,1,0,0,0
Jim Everett,1,0,0,0,34837,1986,1997,23,34,153,2841,4923,2082,57.7,34837,203,175,13,4.1,3.6,78.6,257,1885,4.96,7.1,6.3,5.62,12.3,220.5,45.4,64,89,0,11,14,0,0,1120,5,5,87,176,89,49.4,1120,7,11,0,4,6.3,57,7,62,3.83,6.4,4.35,3.84,12.9,224,41.5,2,3,1,1,0
Jim Hart,4,0,0,0,34665,1966,1984,22,40,180,2593,5076,2483,51.1,34665,209,247,12,4.1,4.9,66.6,282,2305,5.26,6.8,5.46,4.75,13.4,172.5,39.2,87,88,5,20,23,0,0,491,3,2,40,81,41,49.4,491,2,4,2,2.5,4.9,56.1,4,39,4.71,6.1,4.33,3.67,12.3,163.7,,0,2,0,0,0
Steve DeBerg,0,0,0,0,34241,1978,1998,24,44,140,2874,5024,2150,57.2,34241,196,204,20,3.9,4.1,74.2,296,2469,5.56,6.8,5.77,4.98,11.9,166.2,44.5,53,86,1,19,24,0,0,511,4,4,45,72,27,62.5,511,3,3,0,4.2,4.2,80.3,5,40,6.49,7.1,6.06,5.14,11.4,127.8,46.8,1,3,0,0,0
Tony Romo,4,0,0,0,34183,2004,2016,24,36,127,2829,4335,1506,65.3,34183,248,117,13,5.7,2.7,97.1,248,1672,5.41,7.9,7.81,7.03,12.1,219.1,50.2,78,49,0,24,29,0,0,1316,6,6,114,185,71,61.6,1316,8,2,0,4.3,1.1,93,22,170,10.63,7.1,7.49,5.87,11.5,219.3,42.5,2,4,1,1,0
John Hadl,6,1,0,0,33503,1962,1977,22,37,167,2363,4687,2324,50.4,33503,244,268,13,5.2,5.7,67.4,284,2595,5.71,7.1,5.62,4.77,14.2,149.6,,82,75,9,15,15,0,0,436,4,2,28,67,39,41.8,436,1,4,0,1.5,6,44.1,8,64,10.67,6.5,4.12,2.83,15.6,109,,0,2,0,0,0
Phil Simms,2,0,0,1,33462,1979,1993,24,38,159,2576,4647,2071,55.4,33462,199,157,13,4.3,3.4,78.5,477,3418,9.31,7.2,6.54,5.26,13,204,41.9,95,64,0,11,17,0,1,1679,10,10,157,279,122,56.3,1679,10,6,0,3.6,2.2,77,30,208,9.71,6,5.77,4.53,10.7,167.9,38.5,6,4,0,0,0
Steve Young,7,3,2,2,33124,1985,1999,24,38,143,2667,4149,1482,64.3,33124,232,107,4,5.6,2.6,96.8,358,2055,7.94,8,7.94,6.85,12.4,196,48.7,94,49,0,13,16,2,2,3326,22,14,292,471,179,62,3326,20,13,0,4.2,2.8,85.8,26,128,5.23,7.1,6.67,6.06,11.4,151.2,47.7,8,6,1,1,1
Y.A. Tittle,7,3,1,0,33070,1948,1964,22,38,154,2427,4395,1968,55.2,33070,242,248,9,5.5,5.6,74.3,167,3571,7.66,7.5,6.09,5.82,13.6,162.1,,78,50,5,24,23,1,0,874,5,4,70,157,87,44.6,874,4,14,0,2.5,8.9,33.8,8,73,5.97,5.6,2.06,0.76,12.5,174.8,,0,4,0,0,1
Troy Aikman,6,0,0,3,32942,1989,2000,23,34,165,2898,4715,1817,61.5,32942,165,141,11,3.5,3,81.6,259,1748,5.21,7,6.34,5.66,11.4,199.6,45.5,94,71,0,15,20,0,3,3849,16,15,320,502,182,63.7,3849,23,17,1,4.6,3.4,88.3,34,218,6.34,7.7,7.06,6.21,12,240.6,50,11,4,1,1,1
Ken Anderson,4,1,1,0,32838,1971,1986,22,37,172,2654,4475,1821,59.3,32838,197,160,8,4.4,3.6,81.9,398,2875,8.17,7.3,6.61,5.48,12.4,171,46.6,91,81,0,10,14,1,0,1321,6,6,110,166,56,66.3,1321,9,6,1,5.4,3.6,93.5,21,116,11.23,8,7.42,5.96,12,220.2,56,2,4,0,1,0
Kurt Warner,4,2,2,1,32344,1998,2009,27,38,116,2666,4070,1404,65.5,32344,208,128,15,5.1,3.1,93.7,260,1669,6,7.9,7.55,6.71,12.1,260.8,49.7,67,49,0,7,11,2,1,3952,13,13,307,462,155,66.5,3952,31,14,2,6.7,3,102.8,19,116,3.95,8.6,8.53,7.95,12.9,304,52.4,9,4,2,3,1
Sonny Jurgensen,5,1,0,0,32224,1957,1974,23,40,147,2433,4262,1829,57.1,32224,255,189,15,6,4.4,82.6,294,2541,6.59,7.6,6.76,5.81,13.2,147.8,,69,71,7,18,14,0,0,78,4,0,6,12,6,50,78,0,3,1,0,25,31.2,1,8,7.69,6.5,-4.75,-5,13,19.5,,,,0,0,1
Mark Brunell,3,0,0,0,32072,1994,2011,24,41,151,2761,4640,1879,59.5,32072,184,108,14,4,2.3,84,390,2395,7.75,6.9,6.66,5.67,11.6,166.2,44,78,73,0,16,22,0,0,1833,14,10,156,307,151,50.8,1833,11,11,1,3.6,3.6,66.3,19,102,5.83,6,5.07,4.47,11.8,130.9,36.8,5,5,1,1,0
John Brodie,2,1,1,0,31548,1957,1973,22,38,158,2469,4491,2022,55,31548,214,224,13,4.8,5,72.3,207,1855,4.66,7,5.73,5.19,12.8,157,,74,76,8,21,22,1,0,973,5,5,71,143,72,49.7,973,4,7,0,2.8,4.9,60.7,5,33,3.38,6.8,5.16,4.76,13.7,194.6,,2,3,0,0,0
Steve McNair,3,0,1,0,31304,1995,2007,22,34,153,2733,4544,1811,60.1,31304,174,119,13,3.8,2.6,82.8,254,1567,5.29,6.9,6.48,5.81,11.5,194.4,45.3,91,62,0,15,21,1,0,1764,10,10,184,311,127,59.2,1764,6,11,2,1.9,3.5,66.7,14,80,4.31,5.7,4.47,4.03,9.6,176.4,42.8,5,5,2,2,0
Norm Snead,4,0,0,0,30797,1961,1976,22,37,159,2276,4353,2077,52.3,30797,196,257,22,4.5,5.9,65.5,350,2735,7.44,7.1,5.32,4.34,13.5,173,,52,100,7,14,19,0,0,,,,,,,,,,,,,,,,,,,,,,,,,,,,0
Randall Cunningham,4,1,0,0,29979,1985,2001,22,38,135,2429,4289,1860,56.6,29979,207,134,5,4.8,3.1,81.5,484,3537,10.14,7,6.55,5.14,12.3,186.2,40.8,82,52,1,19,24,0,0,2426,12,9,192,365,173,52.6,2426,12,9,1,3.3,2.5,74.3,28,215,7.12,6.6,6.19,5.21,12.6,202.2,40.5,3,6,2,2,0
Joe Ferguson,0,0,0,0,29817,1973,1990,23,40,171,2369,4519,2150,52.4,29817,196,209,6,4.3,4.6,68.4,312,2710,6.46,6.6,5.38,4.48,12.6,160.3,40.7,79,92,0,20,24,0,0,814,4,4,58,120,62,48.3,814,6,9,0,5,7.5,56,5,71,4,6.8,4.41,3.66,14,203.5,41.4,1,3,0,0,0
Jon Kitna,0,0,0,0,29745,1997,2011,25,39,124,2677,4442,1765,60.3,29745,169,165,17,3.8,3.7,77.4,323,1987,6.78,6.7,5.79,4.98,11.1,211,45,50,74,0,18,22,0,0,359,2,1,38,70,32,54.3,359,2,4,0,2.9,5.7,54.4,10,52,12.5,5.1,3.13,2.09,9.4,179.5,35,0,1,0,0,0
Roman Gabriel,4,1,1,0,29444,1962,1977,22,37,157,2366,4498,2132,52.6,29444,201,149,10,4.5,3.3,74.3,360,2711,7.41,6.5,5.95,4.95,12.4,160.9,,86,64,7,16,15,1,0,336,2,2,33,63,30,52.4,336,3,2,0,4.8,3.2,70.6,8,65,11.27,5.3,4.86,3.39,10.2,168,,0,2,0,0,0
Jake Plummer,1,0,0,0,29253,1997,2006,23,32,136,2484,4350,1866,57.1,29253,161,161,13,3.7,3.7,74.6,284,1735,6.13,6.7,5.8,5.07,11.8,204.6,42.6,69,67,0,20,30,0,0,1340,6,6,122,197,75,61.9,1340,7,10,0,3.6,5.1,72.7,10,48,4.83,6.8,5.23,4.74,11,223.3,44.9,2,4,0,0,0
Brad Johnson,2,0,0,1,29054,1994,2008,26,40,125,2668,4326,1658,61.7,29054,166,122,12,3.8,2.8,82.5,251,1616,5.48,6.7,6.21,5.52,10.9,164.1,43.9,72,53,0,14,27,0,1,1403,8,7,125,224,99,55.8,1403,7,12,2,3.1,5.4,62.8,9,65,3.86,6.3,4.48,4.03,11.2,175.4,43.3,4,3,0,0,0
Rich Gannon,4,2,1,0,28743,1987,2004,22,39,132,2533,4206,1673,60.2,28743,180,104,6,4.3,2.5,84.7,302,1689,6.7,6.8,6.58,5.76,11.3,183.1,45,76,56,0,16,20,1,0,1691,10,7,154,240,86,64.2,1691,11,9,3,4.6,3.8,84.6,18,102,6.98,7,6.28,5.44,11,169.1,49.2,4,3,0,0,0
Len Dawson,7,2,0,1,28711,1957,1975,22,40,159,2136,3741,1605,57.1,28711,239,183,15,6.4,4.9,82.6,376,3428,9.17,7.7,6.75,5.33,13.4,136.1,,94,57,8,15,16,0,1,1497,8,8,107,188,81,56.9,1497,7,8,0,3.7,4.3,77.4,26,219,12.15,8,6.79,4.94,14,187.1,,5,3,0,2,1
Chris Chandler,2,0,0,0,28484,1988,2004,23,39,152,2328,4005,1677,58.1,28484,170,146,13,4.2,3.6,79.1,380,2590,8.67,7.1,6.32,5.18,12.2,158.2,42.6,67,85,0,10,15,0,0,728,3,3,59,97,38,60.8,728,4,4,0,4.1,4.1,80.6,7,52,6.73,7.5,6.47,5.54,12.3,242.7,45.2,2,1,1,1,0
Trent Green,2,0,0,0,28475,1997,2008,27,38,113,2266,3740,1474,60.6,28475,162,114,6,4.3,3,86,259,1621,6.48,7.6,7.11,6.24,12.6,237.3,45.9,56,57,0,15,19,0,0,319,2,2,32,54,22,59.3,319,2,2,0,3.7,3.7,73,4,25,6.9,5.9,4.98,4.21,10,159.5,46.6,0,2,0,0,0
Ron Jaworski,1,0,0,0,28190,1974,1989,23,38,143,2187,4117,1930,53.1,28190,179,164,4,4.3,4,72.8,363,2826,8.1,6.8,5.92,4.81,12.9,149.9,39.9,73,69,1,17,23,0,0,1669,10,8,126,271,145,46.5,1669,10,10,0,3.7,3.7,63.4,20,171,6.87,6.2,5.24,4.29,13.2,166.9,35.7,4,4,0,1,0
Terry Bradshaw,3,1,1,4,27989,1970,1983,22,35,158,2025,3901,1876,51.9,27989,212,210,8,5.4,5.4,70.9,307,2694,7.3,7.2,5.84,4.77,13.8,166.6,44.2,107,51,0,15,23,1,4,3833,19,19,261,456,195,57.2,3833,30,26,2,6.6,5.7,83,24,184,5,8.4,7.16,6.41,14.7,201.7,55.1,14,5,4,4,1
Ken Stabler,4,1,1,0,27938,1970,1984,25,39,146,2270,3793,1523,59.8,27938,194,222,16,5.1,5.9,75.3,281,2514,6.9,7.4,5.75,4.74,12.3,151.8,44.4,96,49,1,16,23,1,0,2641,13,12,203,351,148,57.8,2641,19,13,2,5.4,3.7,84.2,28,255,7.39,7.5,6.94,5.75,13,203.2,33.3,7,5,3,3,1
Craig Morton,0,0,0,0,27908,1965,1982,22,39,144,2053,3786,1733,54.2,27908,183,187,12,4.8,4.9,73.5,405,3040,9.66,7.4,6.12,4.8,13.6,134.8,42.8,81,62,1,12,21,0,0,1235,15,10,91,227,136,40.1,1235,9,16,1,4,7,42,20,145,8.1,5.4,3.06,2.23,13.6,82.3,30.8,5,5,0,1,0
Joe Namath,5,1,0,1,27663,1965,1977,22,34,130,1886,3762,1876,50.1,27663,173,220,28,4.6,5.8,65.5,170,1621,4.32,7.4,5.64,4.99,14.7,197.6,,62,63,4,15,15,0,1,641,3,3,50,117,67,42.7,641,3,4,0,2.6,3.4,54.8,6,37,4.88,5.5,4.45,3.93,12.8,213.7,,2,1,1,1,1
Jeff George,0,0,0,0,27602,1990,2001,23,34,124,2298,3967,1669,57.9,27602,154,113,12,3.9,2.8,80.4,358,2691,8.28,7,6.45,5.3,12,210.7,42.5,46,78,0,8,17,0,0,1001,3,3,71,129,58,55,1001,9,3,0,7,2.3,93.8,10,75,7.19,7.8,8.11,6.99,14.1,333.7,44.6,1,2,0,0,0
Steve Grogan,0,0,0,0,26886,1975,1990,22,37,135,1879,3593,1714,52.3,26886,182,208,11,5.1,5.8,69.6,247,1986,6.43,7.5,5.89,4.99,14.3,180.4,42.4,75,60,0,13,20,0,0,571,4,3,48,95,47,50.5,571,3,7,1,3.2,7.4,49.1,9,65,8.65,6,3.33,2.41,11.9,142.8,38.3,0,3,0,0,0
George Blanda,4,1,0,0,26723,1950,1975,23,48,104,1902,3986,2084,47.7,26723,236,272,17,5.9,6.8,61.1,88,1155,2.83,6.7,4.82,4.72,14,81.5,,53,50,1,17,17,0,0,1190,20,4,89,189,100,47.1,1190,7,17,0,3.7,9,42.4,5,76,2.99,6.3,2.99,2.56,13.4,59.5,,2,2,0,0,1
Bobby Layne,6,2,0,0,26536,1949,1962,23,36,148,1798,3648,1850,49.3,26536,193,241,5,5.3,6.6,63.6,36,1829,5.74,7.3,5.36,4.44,14.8,161.8,,80,48,4,18,19,0,0,568,4,4,46,97,51,47.4,568,1,12,0,1,12.4,29.9,,29,,5.9,0.49,,12.3,142,,3,1,1,1,1
Jim Harbaugh,1,0,0,0,26288,1987,2000,24,37,140,2305,3918,1613,58.8,26288,129,117,6,3.3,3,77.6,361,2132,8.44,6.7,6.02,5.02,11.4,148.5,42.4,66,74,0,15,19,0,0,906,5,5,83,163,80,50.9,906,6,5,0,3.7,3.1,67.2,13,92,7.39,5.6,4.91,4.03,10.9,181.2,40.3,2,3,0,0,0
Jim Plunkett,0,0,0,2,25882,1971,1986,24,39,144,1943,3701,1758,52.5,25882,164,198,12,4.4,5.3,67.5,380,3279,9.31,7,5.47,4.16,13.3,164.9,43.8,72,72,0,18,22,0,2,2293,10,10,162,272,110,59.6,2293,11,12,1,4,4.4,81.9,27,212,9.03,8.4,7.25,5.89,14.2,229.3,49.2,8,2,1,1,0
Jeff Garcia,4,0,0,0,25537,1999,2009,29,39,116,2264,3676,1412,61.6,25537,161,83,11,4.4,2.3,87.5,181,947,4.69,6.9,6.81,6.24,11.3,204.3,46.2,58,58,0,11,17,0,0,1357,6,6,126,217,91,58.1,1357,7,7,0,3.2,3.2,73.8,10,69,4.41,6.3,5.45,4.9,10.8,226.2,44.9,2,4,1,2,0
Matt Schaub,2,0,0,0,25467,2004,2020,23,39,93,2148,3348,1200,64.2,25467,136,91,14,4.1,2.7,89.5,180,1245,5.1,7.6,7.2,6.48,11.9,164.3,48.1,47,46,0,11,14,0,0,605,2,2,63,89,26,70.8,605,2,2,1,2.2,2.2,87.5,1,9,1.11,6.8,6.24,6.07,9.6,302.5,48.9,1,1,0,0,0
Joe Theismann,2,1,1,1,25206,1974,1985,25,36,124,2044,3602,1558,56.7,25206,160,138,5,4.4,3.8,77.4,340,2757,8.63,7,6.16,4.93,12.3,150.9,42.9,77,47,0,18,22,1,1,1782,10,8,128,211,83,60.7,1782,11,7,1,5.2,3.3,91.4,26,193,10.97,8.4,8,6.3,13.9,178.2,44.7,6,2,1,2,0
Ken O'Brien,2,0,0,0,25094,1984,1993,24,33,110,2110,3602,1492,58.6,25094,128,98,6,3.6,2.7,80.4,353,2654,8.93,7,6.45,5.21,11.9,194.5,45,50,59,1,13,16,0,0,504,3,2,45,67,22,67.2,504,2,4,0,3,6,74.5,9,62,11.84,7.5,5.43,3.97,11.2,168,52.6,0,2,0,0,0
Bob Griese,8,2,0,2,25092,1967,1980,22,35,151,1926,3429,1503,56.2,25092,192,172,11,5.6,5,77.1,335,2930,8.9,7.3,6.18,4.85,13,155.9,44.1,92,56,3,15,19,0,2,1467,12,11,112,208,96,53.8,1467,10,12,2,4.8,5.8,68.3,15,152,6.73,7.1,5.42,4.37,13.1,122.3,33.3,6,5,1,1,1
Tommy Kramer,1,0,0,0,24777,1977,1990,22,35,110,2012,3651,1639,55.1,24777,159,158,12,4.4,4.3,72.8,249,1586,6.38,6.8,5.71,4.94,12.3,192.1,42.2,54,56,0,15,19,0,0,874,5,4,71,140,69,50.7,874,3,7,2,2.1,5,56.7,7,57,4.76,6.2,4.42,3.82,12.3,174.8,37.4,2,2,1,1,0
Bart Starr,4,1,1,2,24718,1956,1971,22,37,156,1808,3149,1341,57.4,24718,152,138,8,4.8,4.4,80.5,287,2960,9.94,7.8,6.84,5.69,13.7,126.1,,94,57,6,18,17,1,2,1753,10,10,130,213,83,61,1753,15,3,0,7,1.4,104.8,24,207,10.13,8.2,9,7.22,13.5,175.3,,9,1,1,1,1
Charley Johnson,1,0,0,0,24410,1961,1975,23,37,124,1737,3392,1655,51.2,24410,170,181,12,5,5.3,69.2,260,2186,7.12,7.2,5.8,4.79,14.1,147.9,,59,57,8,19,17,0,0,,,,,,,,,,,,,,,,,,,,,,,,,,,,0
Daunte Culpepper,3,0,0,0,24153,1999,2009,22,32,100,2016,3199,1183,63,24153,149,106,7,4.7,3.3,87.8,298,1696,8.52,7.6,6.99,5.91,12,230,46.7,41,59,0,11,17,0,0,980,4,4,73,134,61,54.5,980,8,5,0,6,3.7,82.3,10,62,6.94,7.3,6.83,5.92,13.4,245,42.4,2,2,0,0,0
Steve Bartkowski,2,0,0,0,24124,1975,1986,23,34,127,1932,3456,1524,55.9,24124,156,144,7,4.5,4.2,75.4,356,2956,9.34,7,6.01,4.67,12.5,187,42.1,59,68,0,18,21,0,0,792,4,4,53,111,58,47.7,792,5,8,0,4.5,7.2,56.6,14,117,11.2,7.1,4.79,3.32,14.9,198,33.6,1,3,1,1,0
Steve Beuerlein,1,0,0,0,24046,1988,2003,23,38,102,1894,3328,1434,56.9,24046,147,112,6,4.4,3.4,80.3,332,2124,9.07,7.2,6.59,5.42,12.7,163.6,43.2,47,55,0,13,16,0,0,271,5,2,16,31,15,51.6,271,1,1,1,3.2,3.2,78.8,0,0,0,8.7,7.94,7.94,16.9,54.2,45.2,1,1,0,0,0
Archie Manning,2,0,0,0,23911,1971,1984,22,35,139,2011,3642,1631,55.2,23911,125,173,11,3.4,4.8,67.1,396,3092,9.81,6.6,5.11,3.85,11.9,158.4,41.4,35,101,3,11,12,0,0,,,,,,,,,,,,,,,,,,,,,,,,,,,,0
Brian Sipe,1,1,1,0,23713,1974,1983,25,34,112,1944,3439,1495,56.5,23713,154,149,7,4.5,4.3,74.8,224,1889,6.12,6.9,5.84,4.97,12.2,189.7,43.4,57,55,0,17,23,1,0,183,1,1,13,40,27,32.5,183,0,3,0,0,7.5,17,2,14,4.76,4.6,1.2,0.81,14.1,183,26.2,0,1,0,0,0
Andrew Luck,4,0,0,0,23671,2012,2018,23,29,86,2000,3290,1290,60.8,23671,171,83,10,5.2,2.5,89.5,174,1124,5.02,7.2,7.1,6.42,11.8,275.2,47,53,33,0,16,20,0,0,2254,8,8,185,328,143,56.4,2254,12,13,0,3.7,4,73.4,11,74,3.24,6.9,5.82,5.41,12.2,281.8,45.4,4,4,1,1,0
Otto Graham,5,7,0,0,23584,1946,1955,25,34,114,1464,2626,1162,55.8,23584,174,135,7,6.6,5.1,86.6,75,2245,7.8,9,7.99,7.64,16.1,187.2,,57,13,1,12,10,0,0,2101,12,12,159,300,141,53,2101,14,17,0,4.7,5.7,67.4,12,259,8.33,7,5.39,4.84,13.2,175.1,,9,3,2,3,1
Lynn Dickey,0,0,0,0,23322,1971,1985,22,36,111,1747,3125,1378,55.9,23322,141,179,15,4.5,5.7,70.9,297,2423,8.68,7.5,5.79,4.58,13.3,153.4,43.5,45,63,3,12,18,0,0,592,2,2,36,59,23,61,592,5,3,1,8.5,5.1,101.8,2,15,3.28,10,9.44,8.89,16.4,296,54.1,1,1,0,0,0
Bernie Kosar,1,0,0,0,23301,1985,1996,22,33,108,1994,3365,1371,59.3,23301,124,87,7,3.7,2.6,81.8,273,1660,7.5,6.9,6.5,5.55,11.7,184.9,43.7,53,54,1,14,16,0,0,1953,10,7,152,270,118,56.3,1953,16,10,0,5.9,3.7,83.5,15,74,5.26,7.2,6.75,6.14,12.8,195.3,45.6,3,4,1,1,0
Norm Van Brocklin,9,1,0,0,23010,1950,1960,24,34,104,1521,2837,1316,53.6,23010,167,176,8,5.9,6.2,74.3,10,860,3.4,8.1,6.5,7.11,15.1,174.3,,61,36,4,17,16,0,0,681,6,4,41,81,40,50.6,681,4,8,1,4.9,9.9,56.2,1,22,4.76,8.4,4.95,8.19,16.6,113.5,,2,2,1,2,1
Marc Bulger,2,0,0,0,22814,2002,2009,25,32,95,1969,3171,1202,62.1,22814,122,93,10,3.8,2.9,84.4,254,1863,7.42,7.2,6.64,5.61,11.6,237.6,45.3,41,54,0,12,16,0,0,944,3,3,68,113,45,60.2,944,4,5,0,3.5,4.4,80.4,11,72,8.87,8.4,7.07,5.86,13.9,314.7,46,1,2,1,1,0
Neil Lomax,2,0,0,0,22771,1981,1988,22,29,101,1817,3153,1336,57.6,22771,136,90,6,4.3,2.9,82.7,362,2700,10.3,7.2,6.8,5.33,12.5,210.8,42.6,47,51,2,11,12,0,0,385,1,1,32,51,19,62.7,385,2,2,0,3.9,3.9,82.6,5,38,8.93,7.5,6.57,5.3,12,385,48.2,0,1,0,0,0
Roger Staubach,6,0,0,2,22700,1969,1979,27,37,114,1685,2958,1273,57,22700,153,109,3,5.2,3.7,83.4,313,2154,9.57,7.7,7.05,5.72,13.5,173.3,45,85,29,0,13,21,0,2,2791,20,17,223,410,187,54.4,2791,24,19,1,5.9,4.6,76,61,390,12.95,6.8,5.89,4.3,12.5,139.6,34.9,11,6,2,2,1
Babe Parilli,3,1,0,0,22681,1952,1969,22,39,104,1552,3330,1778,46.6,22681,178,220,20,5.3,6.6,59.6,178,2132,6.23,6.8,4.91,4.47,14.6,120,,49,45,7,17,13,0,0,489,4,2,28,65,37,43.1,489,2,2,0,3.1,3.1,66.8,7,50,9.72,7.5,6.75,5.4,17.5,122.3,,1,1,0,0,0
Michael Vick,4,0,0,0,22464,2001,2015,21,35,115,1807,3217,1410,56.2,22464,133,88,6,4.1,2.7,80.4,316,1879,8.94,7,6.58,5.46,12.4,157.1,40.5,61,51,1,14,15,0,0,977,6,5,79,141,62,56,977,5,4,1,3.5,2.8,77.6,11,95,7.24,6.9,6.36,5.28,12.4,162.8,38.2,2,3,0,0,0
Jeff Blake,1,0,0,0,21711,1992,2005,22,35,100,1827,3241,1414,56.4,21711,134,99,12,4.1,3.1,78,248,1550,7.11,6.7,6.15,5.27,11.9,182.4,42,39,61,0,12,16,0,0,,,,,,,,,,,,,,,,,,,,,,,,,,,,0
Neil O'Donnell,1,0,0,0,21690,1991,2003,25,37,100,1865,3229,1364,57.8,21690,120,68,8,3.7,2.1,81.8,259,1906,7.43,6.7,6.51,5.48,11.6,173.5,41.7,55,45,0,15,18,0,0,1709,9,7,159,275,116,57.8,1709,9,8,0,3.3,2.9,74.9,15,94,5.17,6.2,5.56,4.95,10.7,189.9,44.1,3,4,1,1,0
Bobby Hebert,1,0,0,0,21683,1985,1996,25,36,100,1839,3121,1282,58.9,21683,135,124,10,4.3,4,78,178,1255,5.4,6.9,6.02,5.32,11.8,183.8,45.6,56,44,0,11,16,0,0,648,3,3,58,102,44,56.9,648,3,7,1,2.9,6.9,57.1,3,19,2.86,6.4,3.85,3.56,11.2,216,44.8,0,3,0,0,0
Gus Frerotte,1,0,0,0,21291,1994,2008,23,37,93,1699,3106,1407,54.7,21291,114,106,10,3.7,3.4,74.2,207,1328,6.25,6.9,6.05,5.27,12.5,144.8,41.3,45,47,1,8,10,0,0,375,4,2,34,75,41,45.3,375,1,3,0,1.3,4,48.5,9,72,10.71,5,3.47,2.24,11,93.8,29.8,0,2,0,0,0
Danny White,1,0,0,0,21229,1980,1988,28,36,91,1705,2847,1142,59.9,21229,152,126,7,5.3,4.4,82.4,233,1997,7.56,7.5,6.53,5.39,12.5,200.3,45.3,61,30,0,11,14,0,0,2152,10,10,195,337,142,57.9,2152,14,15,1,4.2,4.5,72.2,22,191,6.13,6.4,5.21,4.36,11,215.2,46.2,5,5,1,1,0
Jack Kemp,7,2,0,0,21218,1957,1969,22,34,104,1436,3073,1637,46.7,21218,114,183,9,3.7,6,57.3,214,2030,6.55,6.9,4.97,4.06,14.8,167.1,,65,37,3,11,11,0,0,1126,6,6,78,160,82,48.8,1126,2,10,0,1.3,6.3,50.2,19,163,10.61,7,4.48,3.09,14.4,187.7,,2,4,0,0,0
Jim Zorn,0,0,0,0,21115,1976,1987,23,34,106,1669,3149,1480,53,21115,111,141,13,3.5,4.5,67.3,213,1585,6.34,6.7,5.4,4.58,12.7,150.8,42.1,44,62,0,9,12,0,0,134,5,0,14,28,14,50,134,2,2,0,7.1,7.1,57.7,1,23,3.45,4.8,3,2.1,9.6,26.8,41.4,,,0,0,0
Jake Delhomme,1,0,0,0,20975,1999,2011,24,36,96,1741,2932,1191,59.4,20975,126,101,13,4.3,3.4,81.3,168,1267,5.42,7.2,6.46,5.7,12,203.6,44.1,56,40,0,19,24,0,0,1847,8,8,130,226,96,57.5,1847,12,10,0,5.3,4.4,83.3,16,107,6.61,8.2,7.24,6.32,14.2,230.9,44.6,5,3,0,1,0
Earl Morrall,2,2,1,3,20809,1956,1976,22,42,104,1379,2689,1310,51.3,20809,161,148,9,6,5.5,74.1,197,2182,8.55,7.7,6.46,5.53,15.1,81.6,,63,36,3,14,11,1,3,806,15,5,50,103,53,48.5,806,3,7,0,2.9,6.8,56.5,8,49,7.21,7.8,5.35,4.52,16.1,53.7,,4,1,2,2,0
Richard Todd,0,0,0,0,20610,1976,1985,23,32,108,1610,2967,1357,54.3,20610,124,161,11,4.2,5.4,67.6,264,2127,8.17,6.9,5.34,4.25,12.8,173.2,41.9,48,59,1,9,14,0,0,1026,4,4,78,140,62,55.7,1026,4,12,1,2.9,8.6,52.9,13,80,8.5,7.3,4.04,3.18,13.2,256.5,43.1,2,2,1,1,0
Trent Dilfer,1,0,0,1,20518,1994,2007,22,35,113,1759,3172,1413,55.5,20518,113,129,13,3.6,4.1,70.2,263,1730,7.66,6.5,5.35,4.44,11.7,157.8,40.8,58,55,0,14,15,0,1,971,6,6,59,135,76,43.7,971,4,4,0,3,3,66,14,115,9.4,7.2,6.45,5.07,16.5,161.8,32.2,5,1,0,0,0
Aaron Brooks,0,0,0,0,20261,2000,2006,24,30,90,1673,2963,1290,56.5,20261,123,92,5,4.2,3.1,78.5,235,1454,7.35,6.8,6.27,5.36,12.1,217.9,41.1,38,52,0,12,18,0,0,561,2,2,46,77,31,59.7,561,6,3,0,7.8,3.9,92,4,24,4.94,7.3,7.09,6.44,12.2,280.5,45.7,1,1,0,0,0
Billy Kilmer,1,0,0,0,20212,1961,1978,22,39,114,1569,2957,1388,53.1,20212,150,142,7,5.1,4.8,71.7,212,1593,6.69,6.8,5.69,4.81,12.9,136.6,36,61,51,1,14,16,0,0,1060,7,7,92,178,86,51.7,1060,8,7,0,4.5,3.9,68.6,5,44,2.73,6,5.08,4.7,11.5,151.4,,2,5,0,0,0
Jay Schroeder,1,0,0,0,20063,1985,1994,24,33,99,1426,2808,1382,50.8,20063,114,108,4,4.1,3.8,71.7,208,1600,6.9,7.1,6.23,5.27,14.1,170,40.3,61,38,0,16,17,0,0,791,8,5,72,158,86,45.6,791,5,8,1,3.2,5.1,50.4,11,94,6.51,5,3.36,2.59,11,98.9,32,3,2,0,1,0
Charlie Conerly,2,0,0,0,19488,1948,1961,27,40,105,1418,2833,1415,50.1,19488,173,167,8,6.1,5.9,68.2,24,1642,9.09,6.9,5.45,3.94,13.7,121,,57,31,1,15,19,0,0,785,6,2,48,92,44,52.2,785,4,4,1,4.3,4.3,77.5,1,97,11.11,8.5,7.45,5.44,16.4,130.8,,0,1,0,0,0
Sam Bradford,0,0,0,0,19449,2010,2018,23,31,83,1855,2967,1112,62.5,19449,103,61,8,3.5,2.1,84.5,196,1371,6.2,6.6,6.32,5.5,10.5,234.3,43.8,34,48,1,7,8,0,0,,,,,,,,,,,,,,,,,,,,,,,,,,,,0
Brian Griese,1,0,0,0,19440,1998,2008,23,33,83,1752,2796,1044,62.7,19440,119,99,12,4.3,3.5,82.7,193,1326,6.46,7,6.21,5.37,11.1,209,46.4,45,38,0,9,12,0,0,,,,,,,,,,,,,,,,,,,,,,,,,,,,0
Chris Miller,1,0,0,0,19320,1987,1999,22,34,92,1580,2892,1312,54.6,19320,123,102,10,4.3,3.5,74.9,209,1527,6.74,6.7,5.94,5.05,12.2,197.1,41,34,58,0,8,11,0,0,469,2,2,35,62,27,56.5,469,3,5,0,4.8,8.1,63.2,9,64,12.68,7.6,4.9,3.38,13.4,234.5,42.3,1,1,1,1,0
Daryle Lamonica,5,2,0,0,19154,1963,1974,22,33,88,1288,2601,1313,49.5,19154,164,138,2,6.3,5.3,72.9,166,1416,6,7.4,6.24,5.35,14.9,126.8,,66,16,6,18,17,0,0,1928,13,9,117,263,146,44.5,1928,19,10,1,7.2,3.8,77.9,14,120,5.05,7.3,7.06,6.27,16.5,148.3,,4,5,0,0,0
Tobin Rote,2,1,0,0,18850,1950,1966,22,38,111,1329,2907,1578,45.7,18850,148,191,13,5.1,6.6,56.8,31,2116,6.35,6.5,4.55,5.19,14.2,126.5,,48,64,4,7,7,0,0,785,4,4,48,90,42,53.3,785,8,3,0,8.9,3.3,98.6,3,46,6.82,8.7,9,5.32,16.4,196.3,,3,1,1,1,0
Billy Wade,2,0,0,0,18530,1954,1966,24,36,85,1370,2523,1153,54.3,18530,124,134,8,4.9,5.3,72.2,128,1801,7.45,7.3,5.94,4.83,13.5,144.8,,40,43,2,10,11,0,0,138,2,1,10,31,21,32.3,138,0,1,0,0,3.2,34.1,1,32,3.45,4.5,3,4.45,13.8,69,,1,0,0,0,0
Dan Pastorini,1,0,0,0,18515,1971,1983,22,34,117,1556,3055,1499,50.9,18515,103,161,6,3.4,5.3,59.1,246,2229,7.45,6.1,4.36,3.36,11.9,132.3,34.5,56,61,0,14,19,0,0,954,5,5,71,116,45,61.2,954,4,8,0,3.4,6.9,70.1,11,92,8.66,8.2,5.81,4.58,13.4,190.8,40.9,3,2,0,1,0
Mark Rypien,2,0,0,1,18473,1988,2001,26,39,78,1466,2613,1147,56.1,18473,115,88,7,4.4,3.4,78.9,97,664,3.58,7.1,6.43,5.96,12.6,177.6,45.9,47,31,0,8,12,0,1,1776,8,7,126,234,108,53.8,1776,8,10,1,3.4,4.3,72.2,7,41,2.9,7.6,6.35,6,14.1,222,44.8,5,2,0,0,0
Bert Jones,1,1,1,0,18190,1973,1982,22,31,96,1430,2551,1121,56.1,18190,124,101,7,4.9,4,78.2,232,2020,8.34,7.1,6.32,5.07,12.7,178.3,44.6,47,49,0,8,11,1,0,399,3,3,29,62,33,46.8,399,1,2,0,1.6,3.2,59.8,11,95,15.07,6.4,5.31,3.21,13.8,133,,0,3,0,0,0
Jim McMahon,1,0,0,1,18148,1982,1996,23,37,97,1492,2573,1081,58,18148,100,90,7,3.9,3.5,78.2,226,1344,8.07,7.1,6.26,5.27,12.2,152.5,42.3,67,30,0,11,14,0,1,1112,10,6,82,155,73,52.9,1112,5,4,0,3.2,2.6,76.1,12,67,7.19,7.2,6.66,5.78,13.6,111.2,41.3,3,3,0,0,0
Kyle Orton,0,0,0,0,18037,2005,2014,23,32,82,1613,2712,1099,59.5,18037,101,69,7,3.7,2.5,81.2,165,1016,5.74,6.7,6.25,5.54,11.2,207.3,43,42,40,0,8,9,0,0,,,,,,,,,,,,,,,,,,,,,,,,,,,,0
Chad Pennington,0,0,0,0,17823,2000,2010,24,34,81,1632,2471,839,66,17823,102,64,6,4.1,2.6,90.1,162,965,6.15,7.2,6.87,6.08,10.9,200.3,48.1,44,37,0,7,10,0,0,1418,6,6,132,216,84,61.1,1418,8,8,2,3.7,3.7,77.3,17,98,7.3,6.6,5.64,4.81,10.7,236.3,43.3,2,4,0,1,0
Josh McCown,0,0,0,0,17731,2002,2019,23,40,76,1584,2633,1049,60.2,17731,98,82,5,3.7,3.1,79.7,235,1563,8.19,6.7,6.08,5.03,11.2,173.8,42.6,23,53,0,6,7,0,0,174,1,0,18,24,6,75,174,0,0,0,0,0,94.8,6,14,20,7.3,7.25,5.33,9.7,174,40,,,0,0,0
Blake Bortles,0,0,0,0,17649,2014,2019,22,27,73,1562,2634,1072,59.3,17649,103,75,13,3.9,2.8,80.6,195,1158,6.89,6.7,6.2,5.36,11.3,226.3,43.2,24,49,0,6,8,0,0,594,3,3,49,85,36,57.6,594,3,0,0,3.5,0,91,5,32,5.56,7,7.69,6.91,12.1,198,45.6,2,1,0,0,0
Milt Plum,2,0,0,0,17536,1957,1969,22,34,103,1306,2419,1113,54,17536,122,127,8,5,5.3,72.2,116,1711,5.79,7.2,5.9,4.63,13.4,135.9,,56,41,6,8,9,0,0,134,2,1,12,24,12,50,134,0,4,0,0,16.7,27.4,,50,,5.6,-1.92,,11.2,67,,0,1,0,0,0
Matt Cassel,1,0,0,0,17508,2005,2018,23,36,81,1578,2683,1105,58.8,17508,104,82,10,3.9,3.1,78.5,210,1157,7.26,6.5,5.93,5.1,11.1,163.6,41.5,36,45,0,9,12,0,0,70,5,1,9,18,9,50,70,0,3,0,0,16.7,20.4,3,17,14.29,3.9,-3.61,-3.9,7.8,14,23.8,0,1,0,0,0
Wade Wilson,1,0,0,0,17283,1981,1998,22,39,69,1391,2428,1037,57.3,17283,99,102,9,4.1,4.2,75.6,217,1508,8.2,7.1,6.04,4.98,12.4,138.3,43.5,36,33,0,6,11,0,0,1322,7,5,99,185,86,53.5,1322,7,6,1,3.8,3.2,75.6,27,219,12.74,7.1,6.44,4.59,13.4,188.9,38.7,2,3,0,0,0
Bill Kenney,1,0,0,0,17277,1980,1988,25,33,77,1330,2430,1100,54.7,17277,105,86,7,4.3,3.5,77,195,1487,7.43,7.1,6.38,5.34,13,163,42.7,34,43,0,3,6,0,0,97,1,0,8,16,8,50,97,0,0,0,0,0,69,0,0,0,6.1,6.06,6.06,12.1,97,37.5,,,0,0,0
Don Meredith,3,0,0,0,17199,1960,1968,22,30,81,1170,2308,1138,50.7,17199,135,111,13,5.8,4.8,74.8,257,1909,10.02,7.5,6.46,5.07,14.7,165.4,,47,32,4,8,8,0,0,551,4,4,39,78,39,50,551,3,5,1,3.8,6.4,59.3,5,23,6.02,7.1,4.95,4.37,14.1,137.8,,1,3,0,0,0
Stan Humphries,0,0,0,0,17191,1989,1997,24,32,81,1431,2516,1085,56.9,17191,89,84,11,3.5,3.3,75.8,144,1182,5.41,6.8,6.04,5.27,12,195.4,43.8,50,31,0,8,10,0,0,1347,6,6,118,228,110,51.8,1347,6,13,0,2.6,5.7,54.8,12,100,5,5.9,3.87,3.26,11.4,224.5,42.5,3,3,2,2,0
Doug Williams,0,0,0,1,16998,1978,1989,23,34,81,1240,2507,1267,49.5,16998,100,93,3,4,3.7,69.4,84,734,3.24,6.8,5.91,5.43,13.7,193.2,41,38,42,1,17,20,0,1,1110,7,7,68,169,101,40.2,1110,9,11,1,5.3,6.5,53.6,6,56,3.43,6.6,4.7,4.22,16.3,158.6,32.6,4,3,0,1,0
Elvis Grbac,1,0,0,0,16774,1994,2001,24,31,70,1446,2445,999,59.1,16774,99,81,12,4,3.3,79.6,129,907,5.01,6.9,6.18,5.52,11.6,159.8,43.6,40,30,0,8,13,0,0,718,8,3,75,133,58,56.4,718,3,6,0,2.3,4.5,60.3,8,71,5.67,5.4,3.82,3.1,9.6,89.8,36.2,1,2,0,0,0
Jason Campbell,0,0,0,0,16771,2006,2014,25,33,79,1519,2518,999,60.3,16771,87,60,5,3.5,2.4,81.7,170,1096,6.32,6.7,6.28,5.47,11,186.3,43.3,32,47,0,7,10,0,0,,,,,,,,,,,,,,,,,,,,,,,,,,,,0
Jeff Hostetler,1,0,0,1,16430,1985,1997,24,36,83,1357,2338,981,58,16430,94,71,7,4,3,80.5,207,1158,8.13,7,6.46,5.48,12.1,108.1,42.9,51,32,0,8,10,0,1,1034,6,5,72,115,43,62.6,1034,7,0,0,6.1,0,112,11,52,8.73,9,10.21,8.9,14.4,172.3,45.2,4,1,2,2,0
Rodney Peete,0,0,0,0,16338,1989,2004,23,38,87,1344,2346,1002,57.3,16338,76,92,7,3.2,3.9,73.3,244,1372,9.42,7,5.85,4.77,12.2,157.1,41.7,45,42,0,9,14,0,0,298,3,2,20,32,12,62.5,298,3,0,0,9.4,0,124.2,2,16,5.88,9.3,11.19,10.06,14.9,99.3,41.2,1,1,0,0,0
Mike Tomczak,0,0,0,0,16079,1985,1999,23,37,73,1248,2337,1089,53.4,16079,88,106,6,3.8,4.5,68.9,114,809,4.65,6.9,5.59,5,12.9,86.9,42.2,40,31,0,6,12,0,0,884,11,5,74,143,69,51.7,884,2,9,1,1.4,6.3,49.4,4,27,2.72,6.2,3.63,3.35,11.9,80.4,35.4,3,2,0,0,0
Greg Landry,1,0,0,0,16052,1968,1984,22,38,98,1276,2300,1024,55.5,16052,98,103,4,4.3,4.5,72.9,316,2503,12.08,7,5.82,4.16,12.6,109.9,39.4,44,51,3,8,8,0,0,48,1,1,5,12,7,41.7,48,0,0,0,0,0,53.5,3,12,20,4,4,2.4,9.6,48,,0,1,0,0,0
Frank Ryan,3,0,0,0,16042,1958,1970,22,34,90,1090,2133,1043,51.1,16042,149,111,4,7,5.2,77.6,196,1825,8.81,7.5,6.58,5.33,14.7,127.3,,57,27,3,8,9,0,0,534,5,3,35,72,37,48.6,534,6,4,1,8.3,5.6,78.1,10,65,12.2,7.4,6.58,4.99,15.3,106.8,,1,2,0,0,0
David Garrard,1,0,0,0,16003,2002,2010,24,32,76,1406,2281,875,61.6,16003,89,54,4,3.9,2.4,85.8,179,1115,7.28,7,6.73,5.79,11.4,186.1,45.6,39,37,0,10,17,0,0,486,3,2,34,62,28,54.8,486,3,3,0,4.8,4.8,76.4,7,56,10.14,7.8,6.63,5.14,14.3,162,40.6,1,1,1,1,0
Scott Mitchell,0,0,0,0,15692,1991,2001,23,33,71,1301,2346,1045,55.5,15692,95,81,7,4,3.5,75.3,155,882,6.2,6.7,5.95,5.22,12.1,158.5,43.2,32,39,0,6,9,0,0,233,4,2,23,54,31,42.6,233,1,5,1,1.9,9.3,23.1,2,11,3.57,4.3,0.52,0.3,10.1,58.3,33.9,0,2,0,0,0
Ed Brown,2,0,0,0,15600,1954,1965,26,37,98,949,1987,1038,47.8,15600,102,138,11,5.1,6.9,62.8,119,1776,10.75,7.9,5.75,3.95,16.4,101.3,,53,38,5,14,14,0,0,97,1,0,8,20,12,40,97,0,1,0,0,5,34.8,,11,,4.9,2.6,,12.1,97,,,,0,0,0
Mark Sanchez,0,0,0,0,15357,2009,2018,23,32,73,1314,2320,1006,56.6,15357,86,89,9,3.7,3.8,73.2,168,1090,6.75,6.6,5.63,4.82,11.7,194.4,41.6,37,36,0,8,10,0,0,1155,6,6,95,157,62,60.5,1155,9,3,0,5.7,1.9,94.3,4,26,2.48,7.4,7.64,7.29,12.2,192.5,47.2,4,2,2,2,0
Erik Kramer,0,0,0,0,15337,1987,1999,23,35,67,1317,2299,982,57.3,15337,92,79,4,4,3.4,76.6,122,788,5.04,6.7,5.93,5.3,11.6,184.8,44,31,36,0,11,14,0,0,999,4,3,91,130,39,70,999,6,3,1,4.6,2.3,98.2,13,74,9.09,7.7,7.57,6.36,11,249.8,52.4,1,2,0,0,0
Tony Banks,0,0,0,0,15315,1996,2005,23,32,78,1278,2356,1078,54.2,15315,77,73,7,3.3,3.1,72.4,227,1432,8.79,6.5,5.76,4.7,12,159.5,39.1,35,43,0,5,7,0,0,0,3,0,0,3,3,0,0,0,0,0,0,0,39.6,0,0,0,0,0,0,,0,,,,0,0,0
Kordell Stewart,1,0,0,0,14746,1995,2005,23,33,87,1316,2358,1042,55.8,14746,77,84,7,3.3,3.6,70.7,170,1048,6.72,6.3,5.3,4.53,11.2,118,40.5,50,34,0,9,14,0,0,744,9,4,69,142,73,48.6,744,2,8,0,1.4,5.6,45.6,11,34,7.19,5.2,2.99,2.55,10.8,82.7,39.2,2,2,0,0,0
Doug Flutie,1,0,0,0,14715,1986,2005,24,43,66,1177,2151,974,54.7,14715,86,68,1,4,3.2,76.3,107,687,4.74,6.8,6.22,5.62,12.5,159.9,42.7,38,28,0,8,10,0,0,494,2,2,32,67,35,47.8,494,2,3,0,3,4.5,63.9,4,28,5.63,7.4,5.96,5.23,15.4,247,39.4,0,2,0,0,0
Joey Harrington,0,0,0,0,14693,2002,2007,24,29,76,1424,2538,1114,56.1,14693,79,85,14,3.1,3.3,69.4,124,770,4.66,5.8,4.9,4.39,10.3,181.4,39.3,26,50,0,6,7,0,0,,,,,,,,,,,,,,,,,,,,,,,,,,,,0
David Carr,0,0,0,0,14452,2002,2012,23,33,79,1353,2267,914,59.7,14452,65,71,7,2.9,3.1,74.9,267,1564,10.54,6.4,5.54,4.34,10.7,153.7,41.2,23,56,0,7,11,0,0,,,,,,,,,,,,,,,,,,,,,,,,,,,,0
Bubby Brister,0,0,0,0,14445,1986,2000,24,38,75,1207,2212,1005,54.6,14445,81,78,7,3.7,3.5,72.3,193,1625,8.02,6.5,5.68,4.54,12,145.9,39.6,37,38,0,9,11,0,0,356,6,2,34,62,28,54.8,356,1,0,0,1.6,0,77.1,1,15,1.59,5.7,6.06,5.73,10.5,59.3,42.9,1,1,1,1,0
Marc Wilson,0,0,0,0,14391,1980,1990,23,33,60,1085,2081,996,52.1,14391,86,102,2,4.1,4.9,67.7,210,1510,9.17,6.9,5.54,4.37,13.3,114.2,41.2,32,28,0,9,12,0,0,135,7,1,11,27,16,40.7,135,1,3,0,3.7,11.1,29.6,2,11,6.9,5,0.74,0.31,12.3,19.3,27.6,0,1,0,0,0
Bill Nelsen,1,0,0,0,14165,1963,1972,22,31,74,963,1905,942,50.6,14165,98,101,10,5.1,5.3,70.2,146,1314,7.12,7.4,6.08,5.01,14.7,157.4,,40,31,3,8,8,0,0,839,6,5,68,132,64,51.5,839,3,8,0,2.3,6.1,53.8,12,103,8.33,6.4,4.08,3.03,12.3,139.8,,2,3,0,0,0
Josh Freeman,0,0,0,0,13873,2009,2015,21,27,61,1179,2048,869,57.6,13873,81,68,6,4,3.3,77.6,112,690,5.19,6.8,6.07,5.44,11.8,223.8,42.3,25,36,0,9,10,0,0,,,,,,,,,,,,,,,,,,,,,,,,,,,,0
Sid Luckman,3,5,0,0,13850,1940,1950,24,34,59,859,1643,784,52.3,13850,131,125,0,8,7.6,75.7,,208,,8.4,6.6,,16.1,130.7,,,,,3,4,0,0,721,6,4,45,85,40,52.9,721,7,4,0,8.2,4.7,89.4,3,33,3.41,8.5,8.01,7.36,16,120.2,,3,1,0,1,1
Gary Danielson,0,0,0,0,13764,1976,1988,25,37,60,1105,1932,827,57.2,13764,81,78,4,4.2,4,76.6,183,1446,8.65,7.1,6.15,4.93,12.5,136.3,42.2,28,31,1,5,11,0,0,236,1,1,24,38,14,63.2,236,0,5,0,0,13.2,41,2,12,5,6.2,0.29,-0.03,9.8,236,52.5,0,1,0,0,0
Sammy Baugh,1,0,0,0,13507,1944,1952,30,38,50,1014,1766,752,57.4,13507,107,110,5,6.1,6.2,76,,443,,7.6,6.06,,13.3,142.2,,11,10,0,4,10,0,0,7,1,0,1,6,5,16.7,7,0,0,0,0,0,39.6,0,0,0,1.2,1.17,1.17,7,7,,,,0,0,1
Eddie LeBaron,4,0,0,0,13399,1952,1963,22,33,88,898,1796,898,50,13399,104,141,10,5.8,7.9,61.4,59,1404,7.86,7.5,5.09,4.48,14.9,100,,28,54,3,13,13,0,0,,,,,,,,,,,,,,,,,,,,,,,,,,,,0
Bill Munson,0,0,0,0,12896,1964,1979,23,38,66,1070,1982,912,54,12896,84,80,3,4.2,4,71.5,192,1409,8.83,6.5,5.54,4.4,12.1,120.5,50,27,34,5,8,8,0,0,44,2,0,2,8,6,25,44,0,1,0,0,12.5,10.4,0,0,0,5.5,-0.13,-0.13,22,22,,,,0,0,0
Don Majkowski,1,0,0,0,12700,1987,1996,23,32,57,1056,1905,849,55.4,12700,66,67,8,3.5,3.5,72.9,180,1058,8.63,6.7,5.78,4.77,12,141.1,41,26,30,1,10,13,0,0,206,1,0,14,23,9,60.9,206,3,2,1,13,8.7,93.5,0,0,0,9,7.65,7.65,14.7,206,60.9,,,0,0,0
Colin Kaepernick,0,0,0,0,12271,2011,2016,24,29,58,1011,1692,681,59.8,12271,72,30,3,4.3,1.8,88.9,171,1060,9.18,7.3,7.31,6.07,12.1,177.8,42.4,28,30,0,7,7,0,0,1374,6,6,94,162,68,58,1374,7,5,1,4.3,3.1,87.3,11,58,6.36,8.5,7.96,7.12,14.6,229,46.8,4,2,2,2,0
Rick Mirer,0,0,0,0,11969,1993,2003,23,33,68,1088,2043,955,53.3,11969,50,76,3,2.4,3.7,63.5,199,1038,8.88,5.9,4.67,3.8,11,149.6,37.7,24,44,0,8,9,0,0,,,,,,,,,,,,,,,,,,,,,,,,,,,,0
Tom Flores,1,0,0,0,11959,1960,1969,23,32,64,838,1715,877,48.9,11959,93,92,5,5.4,5.4,67.6,175,1576,9.26,7,5.64,4.29,14.3,112.8,,31,33,4,9,8,0,0,,,,,,,,,,,,,,,,,,,,,,,,,,,,0
Bob Waterfield,2,3,0,0,11849,1945,1952,25,32,55,814,1617,803,50.3,11849,97,128,5,6,7.9,61.6,,255,,7.3,4.97,,14.6,130.2,,14,8,0,7,6,0,0,965,6,3,63,125,62,50.4,965,6,11,0,4.8,8.8,55.6,0,0,0,7.7,4.72,5.26,15.3,160.8,,1,2,0,0,1
Jay Fiedler,0,0,0,0,11844,1995,2005,24,34,60,1008,1717,709,58.7,11844,69,66,8,4,3.8,77.1,114,734,6.23,6.9,5.97,5.2,11.8,155.8,43.3,37,23,0,8,9,0,0,655,5,3,59,110,51,53.6,655,3,8,1,2.7,7.3,50.4,7,38,5.98,6,3.23,2.71,11.1,131,39.3,1,2,1,1,0
Cotton Davidson,2,0,0,0,11760,1954,1968,23,37,58,770,1752,982,43.9,11760,73,108,5,4.2,6.2,54.9,110,945,6.13,6.7,4.77,4.11,15.3,105.9,,19,33,1,5,4,0,0,,,,,,,,,,,,,,,,,,,,,,,,,,,,0
Vince Ferragamo,0,0,0,0,11336,1977,1986,23,32,53,902,1615,713,55.9,11336,76,91,5,4.7,5.6,70.1,94,770,5.5,7,5.42,4.68,12.6,151.1,42.1,27,26,0,5,5,0,0,1227,7,6,92,188,96,48.9,1227,8,11,2,4.3,5.9,59.9,13,112,6.47,6.5,4.74,3.88,13.3,175.3,35.8,3,3,1,1,0
Mike Livingston,1,0,0,0,11295,1968,1979,23,34,75,912,1751,839,52.1,11295,56,83,4,3.2,4.7,63.3,152,1392,7.99,6.5,4.96,3.83,12.4,124.1,37.5,31,43,1,6,7,0,0,0,1,0,0,0,0,,0,0,,0,,,,,,,,,,,0,,,,0,0,0
Tony Eason,0,0,0,0,11142,1983,1990,24,31,51,911,1564,653,58.2,11142,61,51,3,3.9,3.3,79.7,177,1350,10.17,7.1,6.44,5.01,12.2,123.8,44.4,28,23,0,7,8,0,0,561,5,5,42,72,30,58.3,561,7,0,0,9.7,0,115.6,15,119,17.24,7.8,9.74,6.69,13.4,112.2,36.8,3,2,0,0,0
Tim Couch,0,0,0,0,11131,1999,2003,22,26,59,1025,1714,689,59.8,11131,64,67,8,3.7,3.9,75.1,166,1119,8.83,6.5,5.48,4.4,10.9,179.5,38.2,22,37,0,10,11,0,0,,,,,,,,,,,,,,,,,,,,,,,,,,,,0
Charlie Batch,0,0,0,0,11085,1998,2012,24,38,55,908,1604,696,56.6,11085,61,52,3,3.8,3.2,77.2,161,890,9.12,6.9,6.21,5.14,12.2,136.9,39.9,25,30,0,9,11,0,0,,,,,,,,,,,,,,,,,,,,,,,,,,,,0
Derek Anderson,1,0,0,0,10878,2006,2018,23,35,49,909,1674,765,54.3,10878,60,64,9,3.6,3.8,70.4,81,563,4.62,6.5,5.49,4.92,12,139.5,42.3,20,29,0,5,7,0,0,0,2,0,0,1,1,0,0,0,0,0,0,0,39.6,0,0,0,0,0,0,,0,,,,0,0,0
Frankie Albert,1,0,0,0,10795,1946,1952,26,32,69,831,1564,733,53.1,10795,115,98,3,7.4,6.3,73.5,43,1096,5.32,6.9,5.55,5.86,13,119.9,,13,16,1,5,7,0,0,204,2,2,17,41,24,41.5,204,2,2,0,4.9,4.9,53.3,4,39,8.89,5,3.76,2.56,12,102,,1,1,0,0,0
Billy Joe Tolliver,0,0,0,0,10760,1989,1999,23,33,47,891,1707,816,52.2,10760,59,64,5,3.5,3.7,67.7,125,877,6.82,6.3,5.31,4.47,12.1,136.2,39,15,32,0,5,5,0,0,,,,,,,,,,,,,,,,,,,,,,,,,,,,0
Eric Hipple,0,0,0,0,10711,1980,1989,23,32,57,830,1546,716,53.7,10711,55,70,6,3.6,4.5,68.7,160,1188,9.38,6.9,5.6,4.38,12.9,105,39.4,28,29,0,4,4,0,0,298,1,1,22,38,16,57.9,298,1,2,1,2.6,5.3,69.8,4,29,9.52,7.8,6,4.74,13.5,298,40.5,0,1,0,0,0
Byron Leftwich,0,0,0,0,10532,2003,2012,23,32,50,930,1605,675,57.9,10532,58,42,3,3.6,2.6,78.9,92,452,5.42,6.6,6.11,5.51,11.3,175.5,41.8,24,26,0,7,10,0,0,179,2,1,18,32,14,56.3,179,0,1,1,0,3.1,59.2,4,30,11.11,5.6,4.19,2.89,9.9,89.5,33.3,0,1,0,0,0
Mike Phipps,0,0,0,0,10506,1970,1981,23,34,71,886,1799,913,49.2,10506,55,108,2,3.1,6,52.6,172,1514,8.73,5.8,3.75,2.65,11.9,88.3,36.3,38,31,2,12,12,0,0,300,3,2,25,59,34,42.4,300,1,7,0,1.7,11.9,24.6,4,14,6.35,5.1,0.08,-0.14,12,100,32.3,0,2,0,0,0
George Ratterman,0,0,0,0,10473,1947,1956,21,30,46,737,1396,659,52.8,10473,91,96,2,6.5,6.9,70.4,29,572,3.37,7.5,5.71,5.19,14.2,113.8,,9,8,1,3,3,0,0,470,6,2,37,76,39,48.7,470,6,6,0,7.9,7.9,61.8,3,48,3.85,6.2,4.21,3.42,12.7,78.3,,0,2,0,0,0
Steve Bono,1,0,0,0,10439,1985,1999,23,37,42,934,1701,767,54.9,10439,62,42,4,3.6,2.5,75.3,76,565,4.28,6.1,5.75,5.19,11.2,118.6,41.2,28,14,0,6,5,0,0,137,5,1,13,27,14,48.1,137,1,3,0,3.7,11.1,36.1,0,0,0,5.1,0.81,0.81,10.5,27.4,33.3,0,1,0,0,0
Zeke Bratkowski,0,0,0,2,10345,1954,1971,23,40,44,762,1484,722,51.3,10345,65,122,8,4.4,8.2,54.3,94,1073,7.73,7,4.15,3.27,13.6,78.4,,18,30,1,5,7,0,2,248,5,0,22,40,18,55,248,0,2,0,0,5,52.9,2,18,4.76,6.2,3.95,3.33,11.3,49.6,,,,1,1,0
Frank Tripucka,1,0,0,0,10282,1949,1963,22,36,54,879,1745,866,50.4,10282,69,124,12,4,7.1,52.2,63,1048,4.7,5.9,3.49,3.17,11.7,137.1,,17,34,1,8,8,0,0,,,,,,,,,,,,,,,,,,,,,,,,,,,,0
Dave Brown,0,0,0,0,10248,1992,2001,22,31,60,892,1634,742,54.6,10248,44,58,6,2.7,3.5,67.9,181,1005,9.97,6.3,5.21,4.14,11.5,140.4,38.6,26,34,0,2,4,0,0,56,1,0,6,10,4,60,56,0,1,0,0,10,35.8,0,0,0,5.6,1.1,1.1,9.3,56,50,,,0,0,0
Jack Trudeau,0,0,0,0,10243,1986,1995,24,33,49,873,1644,771,53.1,10243,42,69,4,2.6,4.2,63.3,103,717,5.9,6.2,4.85,4.16,11.7,152.9,40.6,19,30,0,10,10,0,0,251,1,1,21,33,12,63.6,251,2,1,0,6.1,3,94.4,2,14,5.71,7.6,7.45,6.63,12,251,51.4,0,1,0,0,0
Rex Grossman,0,0,0,0,10232,2003,2011,23,31,47,863,1562,699,55.2,10232,56,60,5,3.6,3.8,71.4,92,698,5.56,6.6,5.54,4.81,11.9,189.5,41.1,25,22,0,6,9,0,0,783,4,4,69,133,64,51.9,783,4,4,1,3,3,67.3,5,49,3.62,5.9,5.14,4.59,11.3,195.8,34.1,2,2,1,1,0
Mark Malone,0,0,0,0,10175,1980,1989,22,31,54,839,1648,809,50.9,10175,60,81,3,3.6,4.9,61.9,86,671,4.96,6.2,4.69,4.07,12.1,139.4,40.5,23,30,0,4,7,0,0,558,3,2,40,71,31,56.3,558,4,3,0,5.6,4.2,83,2,12,2.74,7.9,7.08,6.73,14,186,52.1,1,1,0,1,0
Vince Evans,0,0,0,0,9485,1977,1995,22,40,39,704,1390,686,50.6,9485,52,74,6,3.7,5.3,63,118,904,7.82,6.8,5.18,4.17,13.5,94.9,36.4,14,25,0,3,5,0,0,26,1,0,2,8,6,25,26,0,1,0,0,12.5,1,0,0,0,3.3,-2.38,-2.38,13,26,25,,,0,0,0
Lamar McHan,0,0,0,0,9449,1954,1963,22,31,71,610,1442,832,42.3,9449,73,108,4,5.1,7.5,50.3,23,893,7.08,6.6,4.19,2.96,15.5,83.6,,24,44,2,6,6,0,0,,,,,,,,,,,,,,,,,,,,,,,,,,,,0
Gary Hogeboom,0,0,0,0,9436,1980,1989,22,31,37,743,1325,582,56.1,9436,49,60,9,3.7,4.5,71.9,118,890,8.18,7.1,5.82,4.73,12.7,119.4,41.2,18,19,0,4,6,0,0,162,1,0,14,29,15,48.3,162,2,2,1,6.9,6.9,59.8,0,0,0,5.6,3.86,3.86,11.6,162,44.8,,,0,0,0
Bobby Thomason,3,0,0,0,9430,1951,1957,23,29,45,681,1334,653,51,9430,68,89,3,5.1,6.7,63.3,,892,,7.1,5.09,,13.8,119.4,,18,24,2,4,5,0,0,,,,,,,,,,,,,,,,,,,,,,,,,,,,0
Mike Pagel,0,0,0,0,9414,1982,1993,22,33,54,756,1509,753,50.1,9414,49,63,4,3.2,4.2,63.3,115,837,7.08,6.2,5.01,4.14,12.5,71.3,38.8,17,36,1,6,8,0,0,179,5,0,17,25,8,68,179,2,1,0,8,4,98.6,0,0,0,7.2,6.96,6.96,10.5,35.8,48,,,0,0,0
Tommy Thompson,1,0,0,0,9349,1941,1950,25,34,41,651,1265,614,51.5,9349,84,89,1,6.6,7,68.6,,415,,7.4,5.55,,14.4,133.6,,6,6,0,2,5,0,0,503,4,3,45,82,37,54.9,503,4,7,0,4.9,8.5,54.1,0,25,0,6.1,3.27,5.38,11.2,125.8,,3,0,0,1,0
Pat Haden,1,0,0,0,9296,1976,1981,23,28,55,731,1363,632,53.6,9296,52,60,1,3.8,4.4,69.6,115,888,7.78,6.8,5.6,4.57,12.7,143,39.6,35,19,1,5,8,0,0,728,5,5,55,123,68,44.7,728,4,12,0,3.3,9.8,35.3,9,76,6.82,5.9,2.18,1.45,13.2,145.6,44,2,3,1,1,0
Robert Griffin III,1,0,0,0,9271,2012,2020,22,30,42,799,1268,469,63,9271,43,30,3,3.4,2.4,86.5,131,895,9.36,7.3,6.93,5.64,11.6,165.6,43.1,16,26,0,4,5,0,0,84,1,1,10,19,9,52.6,84,2,1,0,10.5,5.3,77.5,2,16,9.52,4.4,4.16,3,8.4,84,33.3,0,1,0,0,0
Bob Berry,1,0,0,0,9197,1965,1975,23,33,52,661,1173,512,56.4,9197,64,64,4,5.5,5.5,77.2,193,1393,14.13,7.8,6.48,4.54,13.9,117.9,,20,29,3,4,5,0,0,0,1,0,0,0,0,,0,0,,0,,,,,,,,,,,0,,,,0,0,0
Vince Young,2,0,0,0,8964,2006,2011,23,28,50,755,1304,549,57.9,8964,46,51,3,3.5,3.9,74.4,83,449,5.98,6.9,5.82,5.15,11.9,149.4,41.8,31,19,0,7,13,0,0,138,1,1,16,29,13,55.2,138,0,1,0,0,3.4,53.5,3,9,9.38,4.8,3.21,2.63,8.6,138,40.6,0,1,0,0,0
Kyle Boller,0,0,0,0,8931,2003,2011,22,30,47,861,1519,658,56.7,8931,48,54,6,3.2,3.6,69.5,123,802,7.49,5.9,4.91,4.06,10.4,133.3,38.3,20,27,0,4,6,0,0,,,,,,,,,,,,,,,,,,,,,,,,,,,,0
John Friesz,0,0,0,0,8699,1990,2000,23,33,38,745,1364,619,54.6,8699,45,42,3,3.3,3.1,72.3,74,487,5.15,6.4,5.65,5.02,11.7,126.1,41,13,25,0,7,7,0,0,,,,,,,,,,,,,,,,,,,,,,,,,,,,0
David Woodley,0,0,0,0,8558,1980,1985,22,27,53,687,1300,613,52.8,8558,48,63,6,3.7,4.8,65.7,84,631,6.07,6.6,5.14,4.37,12.5,147.6,38.8,34,18,1,3,5,0,0,645,5,5,48,81,33,59.3,645,5,6,0,6.2,7.4,74.4,11,101,11.96,8,5.86,4.07,13.4,129,45.7,3,2,0,0,0
Rudy Bukich,0,0,0,0,8433,1953,1968,23,38,42,626,1190,564,52.6,8433,61,74,8,5.1,6.2,66.6,88,928,7.59,7.1,5.31,4.72,13.5,81.9,,21,17,3,7,5,0,0,,,,,,,,,,,,,,,,,,,,,,,,,,,,0
Randy Johnson,0,0,0,0,8329,1966,1976,22,32,49,647,1286,639,50.3,8329,51,90,7,4,7,55.1,152,1302,10.57,6.5,4.12,2.78,12.9,111.1,,10,38,1,2,2,0,0,,,,,,,,,,,,,,,,,,,,,,,,,,,,0
Shaun Hill,0,0,0,0,8295,2005,2016,25,36,35,757,1225,468,61.8,8295,49,30,3,4,2.4,84.9,84,533,6.42,6.8,6.47,5.65,11,169.3,45.5,17,18,0,4,5,0,0,,,,,,,,,,,,,,,,,,,,,,,,,,,,0
Pete Beathard,0,0,0,0,8176,1964,1973,22,31,36,575,1282,707,44.9,8176,43,84,5,3.4,6.6,49.9,87,801,6.36,6.4,4.1,3.25,14.2,74.3,,18,16,1,2,1,0,0,368,3,2,34,86,52,39.5,368,2,4,1,2.3,4.7,41.2,11,92,11.34,4.3,2.65,1.4,10.8,122.7,,0,2,0,0,0
James Harris,1,0,0,0,8136,1969,1979,22,32,41,607,1149,542,52.8,8136,45,59,1,3.9,5.1,67.3,101,874,8.08,7.1,5.55,4.41,13.4,98,34.6,25,16,0,6,9,0,0,343,4,3,21,49,28,42.9,343,2,5,0,4.1,10.2,41,2,29,3.92,7,3.22,2.53,16.3,85.8,,1,2,0,1,0
Tommy Maddox,0,0,0,0,8087,1992,2005,21,34,36,686,1200,514,57.2,8087,48,54,7,4,4.5,72.4,94,541,7.26,6.7,5.51,4.7,11.8,87.9,42.3,15,20,1,2,3,0,0,667,3,2,54,96,42,56.3,667,5,3,0,5.2,3.1,82.2,4,33,4,6.9,6.58,5.99,12.4,222.3,48,1,1,1,1,0
Jim Finks,1,0,0,0,8064,1952,1955,25,28,45,618,1278,660,48.4,8064,52,78,7,4.1,6.1,56.8,,544,,6.3,4.38,,13,171.6,,18,27,0,6,7,0,0,,,,,,,,,,,,,,,,,,,,,,,,,,,,0
Steve Walsh,0,0,0,0,7875,1989,1999,23,33,38,713,1317,604,54.1,7875,40,50,7,3,3.8,66.4,40,274,2.95,6,4.88,4.53,11,98.4,42.4,20,18,0,4,9,0,0,373,6,3,32,59,27,54.2,373,2,4,0,3.4,6.8,56.7,2,16,3.28,6.3,3.95,3.56,11.7,62.2,37.7,1,2,0,0,0
Kent Graham,0,0,0,0,7801,1992,2001,24,33,38,694,1339,645,51.8,7801,39,33,3,2.9,2.5,69,100,679,6.95,5.8,5.3,4.46,11.2,96.3,37.7,17,21,0,8,9,0,0,,,,,,,,,,,,,,,,,,,,,,,,,,,,0
Al Dorow,2,0,0,0,7708,1954,1962,25,33,45,572,1207,635,47.4,7708,64,93,4,5.3,7.7,53.8,77,922,7.81,6.4,3.98,3.22,13.5,111.7,,19,26,0,5,5,0,0,,,,,,,,,,,,,,,,,,,,,,,,,,,,0
Craig Erickson,0,0,0,0,7625,1992,1997,23,28,36,591,1092,501,54.1,7625,41,38,4,3.8,3.5,74.3,82,535,6.98,7,6.17,5.28,12.9,146.6,39.9,14,21,0,2,2,0,0,,,,,,,,,,,,,,,,,,,,,,,,,,,,0
Matt Moore,0,0,0,0,7597,2007,2019,23,35,32,645,1074,429,60.1,7597,49,36,4,4.6,3.4,82.8,87,606,7.49,7.1,6.48,5.47,11.8,138.1,43.2,16,16,0,6,8,0,0,289,1,1,29,36,7,80.6,289,1,1,0,2.8,2.8,97.8,5,36,12.2,8,7.33,5.56,10,289,48.8,0,1,0,0,0
Brock Osweiler,0,0,0,0,7418,2012,2018,22,28,30,697,1165,468,59.8,7418,37,31,0,3.2,2.7,78,79,559,6.35,6.4,5.81,4.99,10.6,151.4,42.7,15,15,0,5,5,0,0,365,2,2,37,65,28,56.9,365,2,3,0,3.1,4.6,63.9,3,17,4.41,5.6,4.15,3.72,9.9,182.5,35.3,1,1,0,0,0
