Player,P_Yds,P_G,P_GS,P_Cmp,P_Att,P_Inc,P_Cmp%,P_Yds,P_TD,P_Int,P_Pick6,P_TD%,P_Int%,P_Rate,P_Sk,P_Yds,P_Sk%,P_Y/A,P_AY/A,P_ANY/A,P_Y/C,P_Y/G,P_Succ%,P_W,P_L,P_4QC,P_GWD
Tom Brady,13400,48,48,1200,1921,721,62.5,13400,88,40,2,4.6,2.1,89.8,81,512,4.05,7,6.95,6.42,11.2,279.2,49.7,35,13,9,14
Peyton Manning,7339,27,27,649,1027,378,63.2,7339,40,25,4,3.9,2.4,87.4,40,298,3.75,7.1,6.83,6.29,11.3,271.8,49.8,14,13,2,2
Aaron Rodgers,6040,23,22,518,807,289,64.2,6040,45,14,1,5.6,1.7,98.1,58,394,6.71,7.5,7.82,6.84,11.7,262.6,48,11,11,1,2
Ben Roethlisberger,5972,23,23,498,788,290,63.2,5972,36,28,4,4.6,3.6,86.7,53,365,6.3,7.6,6.89,6.02,12,259.7,47.8,13,10,3,4
Brett Favre,5855,24,24,481,791,310,60.8,5855,44,30,4,5.6,3.8,86.3,36,234,4.35,7.4,6.81,6.23,12.2,244,46.2,13,11,2,2
Patrick Mahomes,5814,21,21,511,755,244,67.7,5814,46,10,1,6.1,1.3,105.4,46,287,5.74,7.7,8.32,7.49,11.4,276.9,51.8,17,4,6,7
Joe Montana,5772,23,23,460,734,274,62.7,5772,45,21,3,6.1,2.9,95.6,45,271,5.78,7.9,7.8,7,12.5,251,49.7,16,7,5,5
Drew Brees,5366,18,18,481,721,240,66.7,5366,37,15,0,5.1,2.1,97.1,29,206,3.87,7.4,7.53,6.97,11.2,298.1,52.3,9,9,2,3
John Elway,4964,22,21,355,651,296,54.5,4964,27,21,1,4.1,3.2,79.7,39,318,5.65,7.6,7,6.15,14,225.6,43,14,7,4,6
Dan Marino,4510,18,18,385,687,302,56,4510,32,24,1,4.7,3.5,77.1,22,141,3.1,6.6,5.92,5.54,11.7,250.6,45,8,10,3,4
Russell Wilson,4056,17,17,295,480,185,61.5,4056,27,12,2,5.6,2.5,96.8,53,290,9.94,8.5,8.45,7.07,13.7,238.6,44.8,9,8,4,4
Kurt Warner,3952,13,13,307,462,155,66.5,3952,31,14,2,6.7,3,102.8,19,116,3.95,8.6,8.53,7.95,12.9,304,52.4,9,4,2,3
Matthew Stafford,3932,13,13,308,483,175,63.8,3932,25,7,0,5.2,1.4,100.4,28,178,5.48,8.1,8.52,7.71,12.8,302.5,50.3,7,6,3,5
Josh Allen,3915,15,15,355,534,179,66.5,3915,29,6,0,5.4,1.1,101.5,32,241,5.65,7.3,7.91,7.04,11,261,48.4,8,7,1,1
Jim Kelly,3863,17,17,322,545,223,59.1,3863,21,28,1,3.9,5.1,72.3,25,168,4.39,7.1,5.55,5.01,12,227.2,48.2,9,8,1,1
Troy Aikman,3849,16,15,320,502,182,63.7,3849,23,17,1,4.6,3.4,88.3,34,218,6.34,7.7,7.06,6.21,12,240.6,50,11,4,1,1
Terry Bradshaw,3833,19,19,261,456,195,57.2,3833,30,26,2,6.6,5.7,83,24,184,5,8.4,7.16,6.41,14.7,201.7,55.1,14,5,4,4
Donovan McNabb,3752,16,16,341,577,236,59.1,3752,24,17,3,4.2,2.9,80,48,308,7.68,6.5,6.01,5.05,11,234.5,41.6,9,7,1,1
Joe Flacco,3530,16,16,287,493,206,58.2,3530,26,12,3,5.3,2.4,87.9,32,223,6.1,7.2,7.12,6.26,12.3,220.6,44,10,6,1,2
Steve Young,3326,22,14,292,471,179,62,3326,20,13,0,4.2,2.8,85.8,26,128,5.23,7.1,6.67,6.06,11.4,151.2,47.7,8,6,1,1
Philip Rivers,2965,12,12,238,401,163,59.4,2965,16,10,0,4,2.5,85.3,23,165,5.42,7.4,7.07,6.3,12.5,247.1,44.1,5,7,1,1
Warren Moon,2870,10,10,259,403,144,64.3,2870,17,14,0,4.2,3.5,84.9,24,178,5.62,7.1,6.4,5.63,11.1,287,51.3,3,7,1,2
Eli Manning,2815,12,12,242,400,158,60.5,2815,18,9,0,4.5,2.3,87.4,27,155,6.32,7,6.93,6.12,11.6,234.6,45.2,8,4,4,5
Roger Staubach,2791,20,17,223,410,187,54.4,2791,24,19,1,5.9,4.6,76,61,390,12.95,6.8,5.89,4.3,12.5,139.6,34.9,11,6,2,2
Matt Hasselbeck,2741,11,11,236,406,170,58.1,2741,18,9,1,4.4,2.2,84.2,19,115,4.47,6.8,6.64,6.07,11.6,249.2,45.2,5,6,2,2
Matt Ryan,2672,10,10,237,351,114,67.5,2672,20,7,1,5.7,2,100.8,25,156,6.65,7.6,7.85,6.92,11.3,267.2,51.1,4,6,1,1
Ken Stabler,2641,13,12,203,351,148,57.8,2641,19,13,2,5.4,3.7,84.2,28,255,7.39,7.5,6.94,5.75,13,203.2,33.3,7,5,3,3
Jared Goff,2450,10,9,213,348,135,61.2,2450,9,5,1,2.6,1.4,85.1,23,154,6.2,7,6.91,6.07,11.5,245,46.9,4,5,1,2
Randall Cunningham,2426,12,9,192,365,173,52.6,2426,12,9,1,3.3,2.5,74.3,28,215,7.12,6.6,6.19,5.21,12.6,202.2,40.5,3,6,2,2
Jim Plunkett,2293,10,10,162,272,110,59.6,2293,11,12,1,4,4.4,81.9,27,212,9.03,8.4,7.25,5.89,14.2,229.3,49.2,8,2,1,1
Andrew Luck,2254,8,8,185,328,143,56.4,2254,12,13,0,3.7,4,73.4,11,74,3.24,6.9,5.82,5.41,12.2,281.8,45.4,4,4,1,1
Danny White,2152,10,10,195,337,142,57.9,2152,14,15,1,4.2,4.5,72.2,22,191,6.13,6.4,5.21,4.36,11,215.2,46.2,5,5,1,1
Dan Fouts,2125,7,7,159,286,127,55.6,2125,12,16,0,4.2,5.6,70,13,95,4.35,7.4,5.75,5.18,13.4,303.6,46.2,3,4,3,3
Otto Graham,2101,12,12,159,300,141,53,2101,14,17,0,4.7,5.7,67.4,12,259,8.33,7,5.39,4.84,13.2,175.1,,9,3,2,3
Jalen Hurts,1981,10,10,191,291,100,65.6,1981,11,3,,3.8,1,93.4,23,139,7.32,6.8,7.1,6.14,10.4,198.1,41.1,6,4,0,0
Dak Prescott,1962,7,7,178,276,98,64.5,1962,14,7,1,5.1,2.5,91.8,15,93,5.15,7.1,6.98,6.3,11,280.3,49.1,2,5,1,1
Bernie Kosar,1953,10,7,152,270,118,56.3,1953,16,10,0,5.9,3.7,83.5,15,74,5.26,7.2,6.75,6.14,12.8,195.3,45.6,3,4,1,1
Daryle Lamonica,1928,13,9,117,263,146,44.5,1928,19,10,1,7.2,3.8,77.9,14,120,5.05,7.3,7.06,6.27,16.5,148.3,,4,5,0,0
Dave Krieg,1895,12,9,144,282,138,51.1,1895,11,9,0,3.9,3.2,72.3,27,217,8.74,6.7,6.06,4.83,13.2,157.9,36.9,3,6,1,1
Jake Delhomme,1847,8,8,130,226,96,57.5,1847,12,10,0,5.3,4.4,83.3,16,107,6.61,8.2,7.24,6.32,14.2,230.9,44.6,5,3,0,1
Mark Brunell,1833,14,10,156,307,151,50.8,1833,11,11,1,3.6,3.6,66.3,19,102,5.83,6,5.07,4.47,11.8,130.9,36.8,5,5,1,1
Joe Burrow,1826,7,7,169,251,82,67.3,1826,9,4,,3.6,1.6,93.8,29,197,10.36,7.3,7.27,5.82,10.8,260.9,47.1,5,2,0,2
Cam Newton,1821,7,7,134,224,90,59.8,1821,10,7,1,4.5,3.1,87.7,20,179,8.2,8.1,7.62,6.26,13.6,260.1,45.5,3,4,0,0
Fran Tarkenton,1803,11,11,149,292,143,51,1803,11,17,1,3.8,5.8,58.6,20,155,6.41,6.2,4.31,3.54,12.1,163.9,36.8,6,5,1,1
Joe Theismann,1782,10,8,128,211,83,60.7,1782,11,7,1,5.2,3.3,91.4,26,193,10.97,8.4,8,6.3,13.9,178.2,44.7,6,2,1,2
Mark Rypien,1776,8,7,126,234,108,53.8,1776,8,10,1,3.4,4.3,72.2,7,41,2.9,7.6,6.35,6,14.1,222,44.8,5,2,0,0
Steve McNair,1764,10,10,184,311,127,59.2,1764,6,11,2,1.9,3.5,66.7,14,80,4.31,5.7,4.47,4.03,9.6,176.4,42.8,5,5,2,2
Lamar Jackson,1753,8,8,146,241,95,60.6,1753,10,7,1,4.1,2.9,84.6,29,183,10.74,7.3,6.8,5.39,12,219.1,43,3,5,0,0
Bart Starr,1753,10,10,130,213,83,61,1753,15,3,0,7,1.4,104.8,24,207,10.13,8.2,9,7.22,13.5,175.3,,9,1,1,1
Brock Purdy,1745,8,8,140,229,89,61.1,1745,8,4,,3.5,1.7,89.1,11,64,4.58,7.6,7.53,6.92,12.5,218.1,46.7,5,3,2,4
Alex Smith,1745,7,7,156,253,97,61.7,1745,14,2,0,5.5,0.8,97.4,18,102,6.64,6.9,7.65,6.76,11.2,249.3,41.7,2,5,1,1
Neil O'Donnell,1709,9,7,159,275,116,57.8,1709,9,8,0,3.3,2.9,74.9,15,94,5.17,6.2,5.56,4.95,10.7,189.9,44.1,3,4,1,1
Rich Gannon,1691,10,7,154,240,86,64.2,1691,11,9,3,4.6,3.8,84.6,18,102,6.98,7,6.28,5.44,11,169.1,49.2,4,3,0,0
Phil Simms,1679,10,10,157,279,122,56.3,1679,10,6,0,3.6,2.2,77,30,208,9.71,6,5.77,4.53,10.7,167.9,38.5,6,4,0,0
Ron Jaworski,1669,10,8,126,271,145,46.5,1669,10,10,0,3.7,3.7,63.4,20,171,6.87,6.2,5.24,4.29,13.2,166.9,35.7,4,4,0,1
Johnny Unitas,1663,9,8,120,226,106,53.1,1663,7,10,1,3.1,4.4,68.9,10,129,5.99,7.4,5.99,4.07,13.9,184.8,,6,2,2,2
Nick Foles,1633,6,6,143,210,67,68.1,1633,11,5,0,5.2,2.4,98.8,5,41,2.33,7.8,7.75,7.38,11.4,272.2,54,4,2,2,2
Kerry Collins,1556,7,7,141,241,100,58.5,1556,12,11,1,5,4.6,75.3,10,56,3.98,6.5,5.4,4.96,11,222.3,44.2,3,4,0,0
Len Dawson,1497,8,8,107,188,81,56.9,1497,7,8,0,3.7,4.3,77.4,26,219,12.15,8,6.79,4.94,14,187.1,,5,3,0,2
Bob Griese,1467,12,11,112,208,96,53.8,1467,10,12,2,4.8,5.8,68.3,15,152,6.73,7.1,5.42,4.37,13.1,122.3,33.3,6,5,1,1
C.J. Stroud,1438,6,6,117,194,77,60.3,1438,6,6,1,3.1,3.1,80.6,17,104,8.06,7.4,6.64,5.61,12.3,239.7,42.2,3,3,0,0
Chad Pennington,1418,6,6,132,216,84,61.1,1418,8,8,2,3.7,3.7,77.3,17,98,7.3,6.6,5.64,4.81,10.7,236.3,43.3,2,4,0,1
Brad Johnson,1403,8,7,125,224,99,55.8,1403,7,12,2,3.1,5.4,62.8,9,65,3.86,6.3,4.48,4.03,11.2,175.4,43.3,4,3,0,0
Colin Kaepernick,1374,6,6,94,162,68,58,1374,7,5,1,4.3,3.1,87.3,11,58,6.36,8.5,7.96,7.12,14.6,229,46.8,4,2,2,2
Jeff Garcia,1357,6,6,126,217,91,58.1,1357,7,7,0,3.2,3.2,73.8,10,69,4.41,6.3,5.45,4.9,10.8,226.2,44.9,2,4,1,2
Stan Humphries,1347,6,6,118,228,110,51.8,1347,6,13,0,2.6,5.7,54.8,12,100,5,5.9,3.87,3.26,11.4,224.5,42.5,3,3,2,2
Jake Plummer,1340,6,6,122,197,75,61.9,1340,7,10,0,3.6,5.1,72.7,10,48,4.83,6.8,5.23,4.74,11,223.3,44.9,2,4,0,0
Baker Mayfield,1338,5,5,107,166,59,64.5,1338,12,3,,7.2,1.8,105.9,10,70,5.68,8.1,8.69,7.8,12.5,267.6,48.9,2,3,0,0
Drew Bledsoe,1335,7,6,129,252,123,51.2,1335,6,12,0,2.4,4.8,54.9,17,131,6.32,5.3,3.63,2.91,10.3,190.7,37.2,3,3,0,0
Wade Wilson,1322,7,5,99,185,86,53.5,1322,7,6,1,3.8,3.2,75.6,27,219,12.74,7.1,6.44,4.59,13.4,188.9,38.7,2,3,0,0
Ken Anderson,1321,6,6,110,166,56,66.3,1321,9,6,1,5.4,3.6,93.5,21,116,11.23,8,7.42,5.96,12,220.2,56,2,4,0,1
Vinny Testaverde,1320,7,5,114,189,75,60.3,1320,6,5,0,3.2,2.6,81,7,36,3.57,7,6.43,6.02,11.6,188.6,45.4,2,3,0,0
Tony Romo,1316,6,6,114,185,71,61.6,1316,8,2,0,4.3,1.1,93,22,170,10.63,7.1,7.49,5.87,11.5,219.3,42.5,2,4,1,1
Craig Morton,1235,15,10,91,227,136,40.1,1235,9,16,1,4,7,42,20,145,8.1,5.4,3.06,2.23,13.6,82.3,30.8,5,5,0,1
Vince Ferragamo,1227,7,6,92,188,96,48.9,1227,8,11,2,4.3,5.9,59.9,13,112,6.47,6.5,4.74,3.88,13.3,175.3,35.8,3,3,1,1
George Blanda,1190,20,4,89,189,100,47.1,1190,7,17,0,3.7,9,42.4,5,76,2.99,6.3,2.99,2.56,13.4,59.5,,2,2,0,0
Mark Sanchez,1155,6,6,95,157,62,60.5,1155,9,3,0,5.7,1.9,94.3,4,26,2.48,7.4,7.64,7.29,12.2,192.5,47.2,4,2,2,2
Jack Kemp,1126,6,6,78,160,82,48.8,1126,2,10,0,1.3,6.3,50.2,19,163,10.61,7,4.48,3.09,14.4,187.7,,2,4,0,0
Jim Everett,1120,5,5,87,176,89,49.4,1120,7,11,0,4,6.3,57,7,62,3.83,6.4,4.35,3.84,12.9,224,41.5,2,3,1,1
Jim McMahon,1112,10,6,82,155,73,52.9,1112,5,4,0,3.2,2.6,76.1,12,67,7.19,7.2,6.66,5.78,13.6,111.2,41.3,3,3,0,0
Doug Williams,1110,7,7,68,169,101,40.2,1110,9,11,1,5.3,6.5,53.6,6,56,3.43,6.6,4.7,4.22,16.3,158.6,32.6,4,3,0,1
Billy Kilmer,1060,7,7,92,178,86,51.7,1060,8,7,0,4.5,3.9,68.6,5,44,2.73,6,5.08,4.7,11.5,151.4,,2,5,0,0
Kirk Cousins,1047,5,4,103,155,52,66.5,1047,5,1,0,3.2,0.6,93.7,14,115,8.28,6.8,7.11,5.84,10.2,209.4,42.6,1,3,0,1
Jeff Hostetler,1034,6,5,72,115,43,62.6,1034,7,0,0,6.1,0,112,11,52,8.73,9,10.21,8.9,14.4,172.3,45.2,4,1,2,2
Richard Todd,1026,4,4,78,140,62,55.7,1026,4,12,1,2.9,8.6,52.9,13,80,8.5,7.3,4.04,3.18,13.2,256.5,43.1,2,2,1,1
Jeff George,1001,3,3,71,129,58,55,1001,9,3,0,7,2.3,93.8,10,75,7.19,7.8,8.11,6.99,14.1,333.7,44.6,1,2,0,0
Jordan Love,1001,4,4,81,134,53,60.4,1001,9,5,,6.7,3.7,90.4,3,18,2.19,7.5,7.13,6.85,12.4,250.3,48.2,1,3,0,0
Erik Kramer,999,4,3,91,130,39,70,999,6,3,1,4.6,2.3,98.2,13,74,9.09,7.7,7.57,6.36,11,249.8,52.4,1,2,0,0
Daunte Culpepper,980,4,4,73,134,61,54.5,980,8,5,0,6,3.7,82.3,10,62,6.94,7.3,6.83,5.92,13.4,245,42.4,2,2,0,0
Michael Vick,977,6,5,79,141,62,56,977,5,4,1,3.5,2.8,77.6,11,95,7.24,6.9,6.36,5.28,12.4,162.8,38.2,2,3,0,0
John Brodie,973,5,5,71,143,72,49.7,973,4,7,0,2.8,4.9,60.7,5,33,3.38,6.8,5.16,4.76,13.7,194.6,,2,3,0,0
Trent Dilfer,971,6,6,59,135,76,43.7,971,4,4,0,3,3,66,14,115,9.4,7.2,6.45,5.07,16.5,161.8,32.2,5,1,0,0
Bob Waterfield,965,6,3,63,125,62,50.4,965,6,11,0,4.8,8.8,55.6,0,0,0,7.7,4.72,5.26,15.3,160.8,,1,2,0,0
Jimmy Garoppolo,962,7,6,80,132,52,60.6,962,4,6,0,3,4.5,74.1,8,51,5.71,7.3,5.85,5.15,12,137.4,43.6,4,2,0,1
Dan Pastorini,954,5,5,71,116,45,61.2,954,4,8,0,3.4,6.9,70.1,11,92,8.66,8.2,5.81,4.58,13.4,190.8,40.9,3,2,0,1
Marc Bulger,944,3,3,68,113,45,60.2,944,4,5,0,3.5,4.4,80.4,11,72,8.87,8.4,7.07,5.86,13.9,314.7,46,1,2,1,1
Sam Darnold,917,4,4,81,131,50,61.8,917,6,1,,4.6,0.8,94.9,15,133,10.27,7,7.57,5.88,11.3,229.3,44.5,3,1,0,0
Jim Harbaugh,906,5,5,83,163,80,50.9,906,6,5,0,3.7,3.1,67.2,13,92,7.39,5.6,4.91,4.03,10.9,181.2,40.3,2,3,0,0
Mike Tomczak,884,11,5,74,143,69,51.7,884,2,9,1,1.4,6.3,49.4,4,27,2.72,6.2,3.63,3.35,11.9,80.4,35.4,3,2,0,0
Tommy Kramer,874,5,4,71,140,69,50.7,874,3,7,2,2.1,5,56.7,7,57,4.76,6.2,4.42,3.82,12.3,174.8,37.4,2,2,1,1
Y.A. Tittle,874,5,4,70,157,87,44.6,874,4,14,0,2.5,8.9,33.8,8,73,5.97,5.6,2.06,0.76,12.5,174.8,,0,4,0,0
Andy Dalton,873,4,4,88,158,70,55.7,873,1,6,1,0.6,3.8,57.8,12,61,7.06,5.5,3.94,3.31,9.9,218.3,40,0,4,0,0
Deshaun Watson,870,3,3,80,126,46,63.5,870,4,1,0,3.2,0.8,91,14,72,10,6.9,7.18,5.95,10.9,290,42.9,1,2,1,1
Bill Nelsen,839,6,5,68,132,64,51.5,839,3,8,0,2.3,6.1,53.8,12,103,8.33,6.4,4.08,3.03,12.3,139.8,,2,3,0,0
Joe Kapp,835,4,4,61,101,40,60.4,835,3,6,0,3,5.9,72,9,74,8.18,8.3,6.19,5.01,13.7,208.8,,2,2,1,1
Drake Maye,828,4,4,70,120,50,58.3,828,6,4,1,5,3.3,82.2,21,133,14.89,6.9,6.4,4.5,11.8,207,35.5,3,1,0,0
Jayden Daniels,822,3,3,75,114,39,65.8,822,5,1,,4.4,0.9,97.9,4,27,3.39,7.2,7.69,7.2,11,274,46.6,2,1,1,1
Joe Ferguson,814,4,4,58,120,62,48.3,814,6,9,0,5,7.5,56,5,71,4,6.8,4.41,3.66,14,203.5,41.4,1,3,0,0
Earl Morrall,806,15,5,50,103,53,48.5,806,3,7,0,2.9,6.8,56.5,8,49,7.21,7.8,5.35,4.52,16.1,53.7,,4,1,2,2
Carson Palmer,796,4,4,67,118,51,56.8,796,5,7,1,4.2,5.9,66.9,9,65,7.09,6.7,4.92,4.06,11.9,199,44.1,1,3,1,1
Steve Bartkowski,792,4,4,53,111,58,47.7,792,5,8,0,4.5,7.2,56.6,14,117,11.2,7.1,4.79,3.32,14.9,198,33.6,1,3,1,1
Jay Schroeder,791,8,5,72,158,86,45.6,791,5,8,1,3.2,5.1,50.4,11,94,6.51,5,3.36,2.59,11,98.9,32,3,2,0,1
Charlie Conerly,785,6,2,48,92,44,52.2,785,4,4,1,4.3,4.3,77.5,1,97,11.11,8.5,7.45,5.44,16.4,130.8,,0,1,0,0
Tobin Rote,785,4,4,48,90,42,53.3,785,8,3,0,8.9,3.3,98.6,3,46,6.82,8.7,9,5.32,16.4,196.3,,3,1,1,1
Rex Grossman,783,4,4,69,133,64,51.9,783,4,4,1,3,3,67.3,5,49,3.62,5.9,5.14,4.59,11.3,195.8,34.1,2,2,1,1
Frank Reich,783,14,2,67,104,37,64.4,783,7,3,1,6.7,2.9,97.6,8,46,7.14,7.5,7.58,6.63,11.7,55.9,50.9,2,0,1,1
Ryan Tannehill,754,5,5,69,110,41,62.7,754,7,5,0,6.4,4.5,85.2,7,54,5.98,6.9,6.08,5.26,10.9,150.8,44.4,2,3,0,0
Kordell Stewart,744,9,4,69,142,73,48.6,744,2,8,0,1.4,5.6,45.6,11,34,7.19,5.2,2.99,2.55,10.8,82.7,39.2,2,2,0,0
Chris Chandler,728,3,3,59,97,38,60.8,728,4,4,0,4.1,4.1,80.6,7,52,6.73,7.5,6.47,5.54,12.3,242.7,45.2,2,1,1,1
Pat Haden,728,5,5,55,123,68,44.7,728,4,12,0,3.3,9.8,35.3,9,76,6.82,5.9,2.18,1.45,13.2,145.6,44,2,3,1,1
Sid Luckman,721,6,4,45,85,40,52.9,721,7,4,0,8.2,4.7,89.4,3,33,3.41,8.5,8.01,7.36,16,120.2,,3,1,0,1
Elvis Grbac,718,8,3,75,133,58,56.4,718,3,6,0,2.3,4.5,60.3,8,71,5.67,5.4,3.82,3.1,9.6,89.8,36.2,1,2,0,0
Trevor Lawrence,712,3,3,70,116,46,60.3,712,8,7,,6.9,6,75.8,5,29,4.13,6.1,4.8,4.36,10.2,237.3,50.4,1,2,1,1
Norm Van Brocklin,681,6,4,41,81,40,50.6,681,4,8,1,4.9,9.9,56.2,1,22,4.76,8.4,4.95,8.19,16.6,113.5,,2,2,1,2
Justin Herbert,674,3,3,58,106,48,54.7,674,2,4,1,1.9,3.8,64.7,13,90,10.92,6.4,5.04,3.73,11.6,224.7,37.8,0,3,0,0
Tommy Maddox,667,3,2,54,96,42,56.3,667,5,3,0,5.2,3.1,82.2,4,33,4,6.9,6.58,5.99,12.4,222.3,48,1,1,1,1
Jay Fiedler,655,5,3,59,110,51,53.6,655,3,8,1,2.7,7.3,50.4,7,38,5.98,6,3.23,2.71,11.1,131,39.3,1,2,1,1
Bobby Hebert,648,3,3,58,102,44,56.9,648,3,7,1,2.9,6.9,57.1,3,19,2.86,6.4,3.85,3.56,11.2,216,44.8,0,3,0,0
David Woodley,645,5,5,48,81,33,59.3,645,5,6,0,6.2,7.4,74.4,11,101,11.96,8,5.86,4.07,13.4,129,45.7,3,2,0,0
Joe Namath,641,3,3,50,117,67,42.7,641,3,4,0,2.6,3.4,54.8,6,37,4.88,5.5,4.45,3.93,12.8,213.7,,2,1,1,1
Caleb Williams,618,2,2,47,90,43,52.2,618,4,5,,4.4,5.6,65.9,1,9,1.1,6.9,5.26,5.1,13.1,309,44,1,1,1,1
Matt Schaub,605,2,2,63,89,26,70.8,605,2,2,1,2.2,2.2,87.5,1,9,1.11,6.8,6.24,6.07,9.6,302.5,48.9,1,1,0,0
Boomer Esiason,600,5,5,51,99,48,51.5,600,4,3,0,4,3,71.1,14,104,12.39,6.1,5.51,3.9,11.8,120,38.1,3,2,0,0
Blake Bortles,594,3,3,49,85,36,57.6,594,3,0,0,3.5,0,91,5,32,5.56,7,7.69,6.91,12.1,198,45.6,2,1,0,0
Lynn Dickey,592,2,2,36,59,23,61,592,5,3,1,8.5,5.1,101.8,2,15,3.28,10,9.44,8.89,16.4,296,54.1,1,1,0,0
Case Keenum,589,2,2,53,88,35,60.2,589,2,3,1,2.3,3.4,73.5,3,18,3.3,6.7,5.61,5.23,11.1,294.5,45.1,1,1,1,1
Steve Grogan,571,4,3,48,95,47,50.5,571,3,7,1,3.2,7.4,49.1,9,65,8.65,6,3.33,2.41,11.9,142.8,38.3,0,3,0,0
Bobby Layne,568,4,4,46,97,51,47.4,568,1,12,0,1,12.4,29.9,,29,,5.9,0.49,,12.3,142,,3,1,1,1
Don Strock,564,14,1,40,65,25,61.5,564,4,3,0,6.2,4.6,90.8,2,19,2.99,8.7,7.83,7.31,14.1,40.3,53.7,0,1,0,0
Aaron Brooks,561,2,2,46,77,31,59.7,561,6,3,0,7.8,3.9,92,4,24,4.94,7.3,7.09,6.44,12.2,280.5,45.7,1,1,0,0
Tony Eason,561,5,5,42,72,30,58.3,561,7,0,0,9.7,0,115.6,15,119,17.24,7.8,9.74,6.69,13.4,112.2,36.8,3,2,0,0
Mark Malone,558,3,2,40,71,31,56.3,558,4,3,0,5.6,4.2,83,2,12,2.74,7.9,7.08,6.73,14,186,52.1,1,1,0,1
Don Meredith,551,4,4,39,78,39,50,551,3,5,1,3.8,6.4,59.3,5,23,6.02,7.1,4.95,4.37,14.1,137.8,,1,3,0,0
Frank Ryan,534,5,3,35,72,37,48.6,534,6,4,1,8.3,5.6,78.1,10,65,12.2,7.4,6.58,4.99,15.3,106.8,,1,2,0,0
Steve DeBerg,511,4,4,45,72,27,62.5,511,3,3,0,4.2,4.2,80.3,5,40,6.49,7.1,6.06,5.14,11.4,127.8,46.8,1,3,0,0
Ken O'Brien,504,3,2,45,67,22,67.2,504,2,4,0,3,6,74.5,9,62,11.84,7.5,5.43,3.97,11.2,168,52.6,0,2,0,0
Tommy Thompson,503,4,3,45,82,37,54.9,503,4,7,0,4.9,8.5,54.1,0,25,0,6.1,3.27,5.38,11.2,125.8,,3,0,0,1
Mitchell Trubisky,502,4,2,45,72,27,62.5,502,2,0,0,2.8,0,92.5,3,20,4,7,7.53,6.96,11.2,125.5,42.7,0,2,0,0
Doug Flutie,494,2,2,32,67,35,47.8,494,2,3,0,3,4.5,63.9,4,28,5.63,7.4,5.96,5.23,15.4,247,39.4,0,2,0,0
Jim Hart,491,3,2,40,81,41,49.4,491,2,4,2,2.5,4.9,56.1,4,39,4.71,6.1,4.33,3.67,12.3,163.7,,0,2,0,0
Shaun King,491,3,3,45,92,47,48.9,491,1,3,0,1.1,3.3,55.1,11,73,10.68,5.3,4.09,2.94,10.9,163.7,31.1,1,2,1,1
Babe Parilli,489,4,2,28,65,37,43.1,489,2,2,0,3.1,3.1,66.8,7,50,9.72,7.5,6.75,5.4,17.5,122.3,,1,1,0,0
David Garrard,486,3,2,34,62,28,54.8,486,3,3,0,4.8,4.8,76.4,7,56,10.14,7.8,6.63,5.14,14.3,162,40.6,1,1,1,1
George Ratterman,470,6,2,37,76,39,48.7,470,6,6,0,7.9,7.9,61.8,3,48,3.85,6.2,4.21,3.42,12.7,78.3,,0,2,0,0
Chris Miller,469,2,2,35,62,27,56.5,469,3,5,0,4.8,8.1,63.2,9,64,12.68,7.6,4.9,3.38,13.4,234.5,42.3,1,1,1,1
Marcus Mariota,463,10,2,42,69,27,60.9,463,4,1,0,5.8,1.4,94.1,10,62,12.66,6.7,7.22,5.52,11,46.3,38,1,1,1,1
Tim Tebow,452,2,2,19,47,28,40.4,452,2,0,0,4.3,0,90,5,28,9.62,9.6,10.47,8.92,23.8,226,34.6,1,1,0,1
John Hadl,436,4,2,28,67,39,41.8,436,1,4,0,1.5,6,44.1,8,64,10.67,6.5,4.12,2.83,15.6,109,,0,2,0,0
Daniel Jones,436,2,2,39,62,23,62.9,436,2,1,,3.2,1.6,87.8,8,38,11.43,7,6.95,5.61,11.2,218,45.7,1,1,0,1
Kelly Holcomb,429,1,1,26,43,17,60.5,429,3,1,0,7,2.3,107.6,1,5,2.27,10,10.33,9.98,16.5,429,50,0,1,0,0
Bo Nix,423,2,2,39,68,29,57.4,423,4,1,,5.9,1.5,89.3,2,14,2.86,6.2,6.74,6.34,10.8,211.5,42.9,1,1,1,1
Bert Jones,399,3,3,29,62,33,46.8,399,1,2,0,1.6,3.2,59.8,11,95,15.07,6.4,5.31,3.21,13.8,133,,0,3,0,0
Scott Brunner,386,2,2,25,51,26,49,386,6,3,1,11.8,5.9,89.2,3,13,5.56,7.6,7.27,6.63,15.4,193,35.2,1,1,0,0
Neil Lomax,385,1,1,32,51,19,62.7,385,2,2,0,3.9,3.9,82.6,5,38,8.93,7.5,6.57,5.3,12,385,48.2,0,1,0,0
Bob Lee,382,8,3,33,67,34,49.3,382,1,3,0,1.5,4.5,53.2,4,29,5.63,5.7,3.99,3.35,11.6,47.8,,1,2,0,0
Gus Frerotte,375,4,2,34,75,41,45.3,375,1,3,0,1.3,4,48.5,9,72,10.71,5,3.47,2.24,11,93.8,29.8,0,2,0,0
Steve Walsh,373,6,3,32,59,27,54.2,373,2,4,0,3.4,6.8,56.7,2,16,3.28,6.3,3.95,3.56,11.7,62.2,37.7,1,2,0,0
Pete Beathard,368,3,2,34,86,52,39.5,368,2,4,1,2.3,4.7,41.2,11,92,11.34,4.3,2.65,1.4,10.8,122.7,,0,2,0,0
Brock Osweiler,365,2,2,37,65,28,56.9,365,2,3,0,3.1,4.6,63.9,3,17,4.41,5.6,4.15,3.72,9.9,182.5,35.3,1,1,0,0
Jon Kitna,359,2,1,38,70,32,54.3,359,2,4,0,2.9,5.7,54.4,10,52,12.5,5.1,3.13,2.09,9.4,179.5,35,0,1,0,0
Bubby Brister,356,6,2,34,62,28,54.8,356,1,0,0,1.6,0,77.1,1,15,1.59,5.7,6.06,5.73,10.5,59.3,42.9,1,1,1,1
Jay Cutler,354,2,2,21,42,21,50,354,2,1,0,4.8,2.4,84.8,5,28,10.64,8.4,8.31,6.83,16.9,177,34,1,1,0,0
James Harris,343,4,3,21,49,28,42.9,343,2,5,0,4.1,10.2,41,2,29,3.92,7,3.22,2.53,16.3,85.8,,1,2,0,1
T.J. Yates,343,3,2,28,55,27,50.9,343,1,3,0,1.8,5.5,53.8,2,7,3.51,6.2,4.15,3.88,12.3,114.3,38.6,1,1,0,0
Pat Ryan,340,6,2,32,51,19,62.7,340,5,1,0,9.8,2,106.7,8,62,13.56,6.7,7.75,5.64,10.6,56.7,40.7,1,1,0,0
Roman Gabriel,336,2,2,33,63,30,52.4,336,3,2,0,4.8,3.2,70.6,8,65,11.27,5.3,4.86,3.39,10.2,168,,0,2,0,0
Trent Green,319,2,2,32,54,22,59.3,319,2,2,0,3.7,3.7,73,4,25,6.9,5.9,4.98,4.21,10,159.5,46.6,0,2,0,0
Derek Carr,310,1,1,29,54,25,53.7,310,1,1,,1.9,1.9,69.2,3,28,5.26,5.7,5.28,4.51,10.7,310,42.1,0,1,0,0
Taylor Heinicke,306,1,1,26,44,18,59.1,306,1,1,,2.3,2.3,78.4,2,17,4.35,7,6.39,5.74,11.8,306,43.5,0,1,0,0
Mike Phipps,300,3,2,25,59,34,42.4,300,1,7,0,1.7,11.9,24.6,4,14,6.35,5.1,0.08,-0.14,12,100,32.3,0,2,0,0
Steve Fuller,298,6,2,22,41,19,53.7,298,2,1,0,4.9,2.4,83.2,14,95,25.45,7.3,7.15,3.6,13.5,49.7,29.1,1,1,0,0
Eric Hipple,298,1,1,22,38,16,57.9,298,1,2,1,2.6,5.3,69.8,4,29,9.52,7.8,6,4.74,13.5,298,40.5,0,1,0,0
Rodney Peete,298,3,2,20,32,12,62.5,298,3,0,0,9.4,0,124.2,2,16,5.88,9.3,11.19,10.06,14.9,99.3,41.2,1,1,0,0
Matt Moore,289,1,1,29,36,7,80.6,289,1,1,0,2.8,2.8,97.8,5,36,12.2,8,7.33,5.56,10,289,48.8,0,1,0,0
Gary Cuozzo,286,3,1,22,52,30,42.3,286,2,5,0,3.8,9.6,33.5,3,22,5.45,5.5,1.94,1.44,13,95.3,,0,1,0,0
Tyler Huntley,286,2,1,23,42,19,54.8,286,2,1,,4.8,2.4,82,3,25,6.67,6.8,6.69,5.69,12.4,143,42.2,0,1,0,0
Paul McDonald,281,3,1,18,37,19,48.6,281,1,0,0,2.7,0,83.3,6,53,13.95,7.6,8.14,5.77,15.6,93.7,34.9,0,1,0,0
Todd Collins,273,3,1,30,58,28,51.7,273,2,2,2,3.4,3.4,61.9,5,42,7.94,4.7,3.84,2.87,9.1,91,41.3,0,1,0,0
Steve Beuerlein,271,5,2,16,31,15,51.6,271,1,1,1,3.2,3.2,78.8,0,0,0,8.7,7.94,7.94,16.9,54.2,45.2,1,1,0,0
Bryce Young,264,1,1,21,40,19,52.5,264,1,1,,2.5,2.5,71.2,2,14,4.76,6.6,5.98,5.36,12.6,264,35.7,0,1,0,0
Geno Smith,253,1,1,25,35,10,71.4,253,2,1,,5.7,2.9,98.9,3,25,7.89,7.2,7.09,5.87,10.1,253,52.6,0,1,0,0
Jack Trudeau,251,1,1,21,33,12,63.6,251,2,1,0,6.1,3,94.4,2,14,5.71,7.6,7.45,6.63,12,251,51.4,0,1,0,0
Zeke Bratkowski,248,5,0,22,40,18,55,248,0,2,0,0,5,52.9,2,18,4.76,6.2,3.95,3.33,11.3,49.6,,,,1,1
Gary Danielson,236,1,1,24,38,14,63.2,236,0,5,0,0,13.2,41,2,12,5,6.2,0.29,-0.03,9.8,236,52.5,0,1,0,0
Mac Jones,236,2,1,26,42,16,61.9,236,2,2,,4.8,4.8,73.1,3,16,6.67,5.6,4.43,3.78,9.1,118,37.8,0,1,0,0
Sean Salisbury,234,4,1,14,44,30,31.8,234,0,3,1,0,6.8,22.3,5,43,10.2,5.3,2.25,1.14,16.7,58.5,24.5,0,1,0,0
Scott Mitchell,233,4,2,23,54,31,42.6,233,1,5,1,1.9,9.3,23.1,2,11,3.57,4.3,0.52,0.3,10.1,58.3,33.9,0,2,0,0
Mason Rudolph,231,2,1,23,40,17,57.5,231,2,1,,5,2.5,80.3,1,11,2.44,5.8,5.65,5.24,10,115.5,51.2,0,1,0,0
Skylar Thompson,220,1,1,18,45,27,40,220,1,2,,2.2,4.4,44.7,4,31,8.16,4.9,3.33,2.43,12.2,220,32.7,0,1,0,0
Anthony Wright,214,1,1,20,37,17,54.1,214,1,2,0,2.7,5.4,57.7,2,13,5.13,5.8,3.89,3.36,10.7,214,41,0,1,0,0
Gary Kubiak,212,11,0,16,19,3,84.2,212,0,0,0,0,0,113.2,4,19,17.39,11.2,11.16,8.39,13.3,19.3,65.2,,,0,0
A.J. McCarron,212,1,1,23,41,18,56.1,212,1,1,0,2.4,2.4,68.3,3,24,6.82,5.2,4.56,3.7,9.2,212,43.2,0,1,0,0
Don Majkowski,206,1,0,14,23,9,60.9,206,3,2,1,13,8.7,93.5,0,0,0,9,7.65,7.65,14.7,206,60.9,,,0,0
Frankie Albert,204,2,2,17,41,24,41.5,204,2,2,0,4.9,4.9,53.3,4,39,8.89,5,3.76,2.56,12,102,,1,1,0,0
Danny Kanell,199,1,1,16,32,16,50,199,1,0,0,3.1,0,80.1,1,9,3.03,6.2,6.84,6.36,12.4,199,48.5,0,1,0,0
Tua Tagovailoa,199,1,1,20,39,19,51.3,199,1,1,,2.6,2.6,63.9,2,11,4.88,5.1,4.46,3.98,10,199,29.3,0,1,0,0
Chris Simms,198,1,1,25,38,13,65.8,198,0,2,0,0,5.3,56.7,3,30,7.32,5.2,2.84,1.9,7.9,198,41.5,0,1,0,0
Johnny Lujack,193,1,1,15,29,14,51.7,193,0,3,0,0,10.3,33.3,,52,,6.7,2,,12.9,193,,0,1,0,0
Scott Zolak,193,3,1,22,46,24,47.8,193,0,1,0,0,2.2,50.4,2,19,4.17,4.2,3.22,2.69,8.8,64.3,33.3,0,1,0,0
Cliff Stoudt,187,2,1,10,20,10,50,187,1,1,1,5,5,78.5,5,40,20,9.4,8.1,4.88,18.7,93.5,36,0,1,0,0
Brian Sipe,183,1,1,13,40,27,32.5,183,0,3,0,0,7.5,17,2,14,4.76,4.6,1.2,0.81,14.1,183,26.2,0,1,0,0
Joe Webb,180,1,1,11,30,19,36.7,180,1,1,0,3.3,3.3,54.9,3,23,9.09,6,5.17,4,16.4,180,27.3,0,1,0,0
Byron Leftwich,179,2,1,18,32,14,56.3,179,0,1,1,0,3.1,59.2,4,30,11.11,5.6,4.19,2.89,9.9,89.5,33.3,0,1,0,0
Mike Pagel,179,5,0,17,25,8,68,179,2,1,0,8,4,98.6,0,0,0,7.2,6.96,6.96,10.5,35.8,48,,,0,0
Bob Avellini,177,1,1,15,25,10,60,177,1,4,0,4,16,55.3,3,34,10.71,7.1,0.68,-0.61,11.8,177,,0,1,0,0
Josh McCown,174,1,0,18,24,6,75,174,0,0,0,0,0,94.8,6,14,20,7.3,7.25,5.33,9.7,174,40,,,0,0
Jeff Kemp,173,4,1,18,37,19,48.6,173,0,1,0,0,2.7,50.8,3,9,7.5,4.7,3.46,2.98,9.6,43.3,27.5,0,1,0,0
Cody Carlson,165,1,1,16,33,17,48.5,165,2,1,0,6.1,3,70.9,1,6,2.94,5,4.85,4.53,10.3,165,41.2,0,1,0,0
Tarvaris Jackson,164,2,1,15,36,21,41.7,164,0,1,1,0,2.8,44.2,1,11,2.7,4.6,3.31,2.92,10.9,82,32.4,0,1,0,0
Gary Hogeboom,162,1,0,14,29,15,48.3,162,2,2,1,6.9,6.9,59.8,0,0,0,5.6,3.86,3.86,11.6,162,44.8,,,0,0
Connor Cook,161,1,1,18,45,27,40,161,1,3,0,2.2,6.7,30,3,22,6.25,3.6,1.02,0.5,8.9,161,27.1,0,1,0,0
Quincy Carter,154,1,1,21,36,15,58.3,154,0,1,0,0,2.8,56.9,3,22,7.69,4.3,3.03,2.23,7.3,154,38.5,0,1,0,0
Caleb Hanie,153,1,0,13,20,7,65,153,1,2,1,5,10,65.2,0,0,0,7.7,4.15,4.15,11.8,153,45,,,0,0
Rob Johnson,152,2,1,11,23,12,47.8,152,0,0,0,0,0,69.5,6,34,20.69,6.6,6.61,4.07,13.8,76,27.6,0,1,0,0
Scott Hunter,150,1,1,12,24,12,50,150,0,1,0,0,4.2,52.4,2,17,7.69,6.3,4.38,3.38,12.5,150,,0,1,0,0
Teddy Bridgewater,149,2,1,18,25,7,72,149,0,0,0,0,0,86.9,3,21,10.71,6,5.96,4.57,8.3,74.5,42.9,0,1,0,0
Ty Detmer,148,4,1,14,21,7,66.7,148,0,2,0,0,9.5,47.4,2,12,8.7,7,2.76,2,10.6,37,60.9,0,1,0,0
Tom Owen,144,1,0,12,22,10,54.5,144,1,1,0,4.5,4.5,71,3,23,12,6.5,5.41,3.84,12,144,44,,,0,0
Todd Marinovich,140,1,1,12,23,11,52.2,140,0,4,0,0,17.4,31.3,2,16,8,6.1,-1.74,-2.24,11.7,140,40,0,1,0,0
Norris Weese,140,5,0,12,26,14,46.2,140,0,0,0,0,0,63,7,36,21.21,5.4,5.38,3.15,11.7,28,23.8,,,0,0
Billy Wade,138,2,1,10,31,21,32.3,138,0,1,0,0,3.2,34.1,1,32,3.45,4.5,3,4.45,13.8,69,,1,0,0,0
Vince Young,138,1,1,16,29,13,55.2,138,0,1,0,0,3.4,53.5,3,9,9.38,4.8,3.21,2.63,8.6,138,40.6,0,1,0,0
Steve Bono,137,5,1,13,27,14,48.1,137,1,3,0,3.7,11.1,36.1,0,0,0,5.1,0.81,0.81,10.5,27.4,33.3,0,1,0,0
Kyler Murray,137,1,1,19,34,15,55.9,137,0,2,1,0,5.9,40.9,2,15,5.56,4,1.38,0.89,7.2,137,33.3,0,1,0,0
Brian Hoyer,136,2,1,15,34,19,44.1,136,0,4,0,0,11.8,15.9,3,24,8.11,4,-1.29,-1.84,9.1,68,32.4,0,1,0,0
Marc Wilson,135,7,1,11,27,16,40.7,135,1,3,0,3.7,11.1,29.6,2,11,6.9,5,0.74,0.31,12.3,19.3,27.6,0,1,0,0
Milt Plum,134,2,1,12,24,12,50,134,0,4,0,0,16.7,27.4,,50,,5.6,-1.92,,11.2,67,,0,1,0,0
Tyrod Taylor,134,1,1,17,37,20,45.9,134,0,1,0,0,2.7,44.2,2,15,5.13,3.6,2.41,1.9,7.9,134,25.6,0,1,0,0
Jim Zorn,134,5,0,14,28,14,50,134,2,2,0,7.1,7.1,57.7,1,23,3.45,4.8,3,2.1,9.6,26.8,41.4,,,0,0
Jarrett Stidham,133,1,1,17,31,14,54.8,133,1,1,,3.2,3.2,63,3,31,8.82,4.3,3.48,2.26,7.8,133,29.4,0,1,0,0
Bernie Masterson,130,1,1,4,18,14,22.2,130,2,2,0,11.1,11.1,54.6,1,7,5.26,7.2,4.44,3.84,32.5,130,,0,1,0,0
Gifford Nielsen,129,7,1,13,24,11,54.2,129,1,2,0,4.2,8.3,48.8,0,0,0,5.4,2.46,2.46,9.9,18.4,37.5,1,0,0,0
Charlie O'Rourke,128,1,0,5,7,2,71.4,128,0,0,0,0,0,113.7,0,0,0,18.3,18.29,18.29,25.6,128,,,,0,0
Mark Vlasic,124,1,0,9,20,11,45,124,1,4,0,5,20,42.5,1,10,4.76,6.2,-1.8,-2.19,13.8,124,42.9,,,0,0
Dieter Brock,116,2,2,16,53,37,30.2,116,0,2,0,0,3.8,24,4,25,7.02,2.2,0.49,0.02,7.3,58,17.5,1,1,0,0
Bobby Hoying,107,2,0,8,16,8,50,107,0,2,0,0,12.5,32,0,0,0,6.7,1.06,1.06,13.4,53.5,37.5,,,0,0
Ed Brown,97,1,0,8,20,12,40,97,0,1,0,0,5,34.8,,11,,4.9,2.6,,12.1,97,,,,0,0
Bill Kenney,97,1,0,8,16,8,50,97,0,0,0,0,0,69,0,0,0,6.1,6.06,6.06,12.1,97,37.5,,,0,0
Don Panciera,94,1,0,5,14,9,35.7,94,0,1,0,0,7.1,30.1,0,0,0,6.7,3.5,3.5,18.8,94,,,,0,0
Koy Detmer,91,13,0,8,15,7,53.3,91,0,1,0,0,6.7,44,1,8,6.25,6.1,3.07,2.38,11.4,7,31.3,,,0,0
Chad Henne,89,2,0,11,15,4,73.3,89,1,1,,6.7,6.7,82.4,1,6,6.25,5.9,4.27,3.63,8.1,44.5,56.3,,,0,0
Robert Griffin III,84,1,1,10,19,9,52.6,84,2,1,0,10.5,5.3,77.5,2,16,9.52,4.4,4.16,3,8.4,84,33.3,0,1,0,0
Ryan Lindley,82,1,1,16,28,12,57.1,82,1,2,0,3.6,7.1,44.3,4,31,12.5,2.9,0.43,-0.59,5.1,82,28.1,0,1,0,0
Todd Blackledge,80,1,1,12,21,9,57.1,80,0,2,1,0,9.5,26,2,3,8.7,3.8,-0.48,-0.57,6.7,80,30.4,0,1,0,0
John Fourcade,79,1,0,5,18,13,27.8,79,0,2,0,0,11.1,5.8,1,16,5.26,4.4,-0.61,-1.42,15.8,79,26.3,,,0,0
Sonny Jurgensen,78,4,0,6,12,6,50,78,0,3,1,0,25,31.2,1,8,7.69,6.5,-4.75,-5,13,19.5,,,,0,0
Josh Johnson,74,1,0,7,13,6,53.8,74,0,0,,0,0,70.7,2,14,13.33,5.7,5.69,4,10.6,74,40,,,0,0
Matt Cassel,70,5,1,9,18,9,50,70,0,3,0,0,16.7,20.4,3,17,14.29,3.9,-3.61,-3.9,7.8,14,23.8,0,1,0,0
Shane Matthews,66,1,0,8,17,9,47.1,66,0,2,0,0,11.8,17.9,1,9,5.56,3.9,-1.41,-1.83,8.3,66,27.8,,,0,0
Don Heinrich,65,3,3,6,17,11,35.3,65,0,2,0,0,11.8,7.8,,0,,3.8,-1.47,,10.8,21.7,,2,1,0,0
Virgil Carter,64,1,1,7,20,13,35,64,0,1,0,0,5,23.7,3,17,13.04,3.2,0.95,0.09,9.1,64,,0,1,0,0
Matt Leinart,61,1,0,7,10,3,70,61,0,0,0,0,0,85.8,0,0,0,6.1,6.1,6.1,8.7,61,70,,,0,0
Tommy O'Connell,61,1,1,4,8,4,50,61,0,2,1,0,25,35.9,,0,,7.6,-3.63,,15.3,61,,0,1,0,0
Terry Hanratty,57,3,0,5,10,5,50,57,0,0,0,0,0,67.5,1,6,9.09,5.7,5.7,4.64,11.4,19,,,,0,0
Dave Brown,56,1,0,6,10,4,60,56,0,1,0,0,10,35.8,0,0,0,5.6,1.1,1.1,9.3,56,50,,,0,0
Jameis Winston,56,1,0,1,1,0,100,56,1,0,,100,0,158.3,0,0,0,56,76,76,56,56,100,,,0,0
Paul Christman,54,1,0,3,14,11,21.4,54,0,2,0,0,14.3,3.6,0,28,0,3.9,-2.57,-4.57,18,54,,,,0,0
Jarious Jackson,54,1,0,5,10,5,50,54,0,0,0,0,0,66.2,1,9,9.09,5.4,5.4,4.09,10.8,54,27.3,,,0,0
Taysom Hill,50,6,2,1,2,1,50,50,0,0,0,0,0,95.8,1,3,33.33,25,25,15.67,50,8.3,33.3,1,1,0,0
Greg Landry,48,1,1,5,12,7,41.7,48,0,0,0,0,0,53.5,3,12,20,4,4,2.4,9.6,48,,0,1,0,0
Billy Volek,48,1,0,3,4,1,75,48,0,0,0,0,0,114.6,0,0,0,12,12,12,16,48,75,,,1,1
Damon Huard,46,4,0,5,16,11,31.3,46,0,0,0,0,0,40.6,3,17,15.79,2.9,2.88,1.53,9.2,11.5,15.8,,,0,0
Mike Kruczek,44,4,0,5,6,1,83.3,44,0,0,0,0,0,97.2,0,0,0,7.3,7.33,7.33,8.8,11,,,,0,0
Bill Munson,44,2,0,2,8,6,25,44,0,1,0,0,12.5,10.4,0,0,0,5.5,-0.13,-0.13,22,22,,,,0,0
Mike Rae,42,3,0,2,13,11,15.4,42,0,0,0,0,0,40.5,3,25,18.75,3.2,3.23,1.06,21,14,14.3,,,0,0
Tom Yewcic,39,2,0,3,8,5,37.5,39,0,1,0,0,12.5,14.1,0,0,0,4.9,-0.75,-0.75,13,19.5,,,,0,0
Ray Mallouf,35,1,0,3,7,4,42.9,35,0,0,0,0,0,58.6,,24,,5,5,,11.7,35,,,,0,0
Jerry Rhome,35,6,0,2,2,0,100,35,0,0,0,0,0,118.7,0,0,0,17.5,17.5,17.5,17.5,5.8,,,,0,0
Jim Ninowski,31,1,0,3,15,12,20,31,0,1,0,0,6.7,11.8,,12,,2.1,-0.93,,10.3,31,,,,0,0
Gale Gilbert,30,4,0,3,6,3,50,30,0,1,0,0,16.7,25,0,0,0,5,-2.5,-2.5,10,7.5,50,,,0,0
John Wolford,29,1,1,3,6,3,50,29,0,0,,0,0,63.9,1,0,14.29,4.8,4.83,4.14,9.7,29,28.6,1,0,0,0
Sam Wyche,29,4,0,1,1,0,100,29,0,0,0,0,0,118.7,0,0,0,29,29,29,29,7.3,,,,0,0
Alex Van Pelt,27,1,0,4,10,6,40,27,1,0,0,10,0,81.2,0,0,0,2.7,4.7,4.7,6.8,27,30,,,0,0
Vince Evans,26,1,0,2,8,6,25,26,0,1,0,0,12.5,1,0,0,0,3.3,-2.38,-2.38,13,26,25,,,0,0
Clint Longley,26,1,0,2,2,0,100,26,0,0,0,0,0,118.7,0,0,0,13,13,13,13,26,,,,0,0
Don Breaux,24,1,0,1,2,1,50,24,0,0,0,0,0,93.7,2,15,50,12,12,2.25,24,24,,,,0,0
Jim Miller,23,1,1,3,5,2,60,23,0,1,0,0,20,31.7,1,7,16.67,4.6,-4.4,-4.83,7.7,23,,0,1,0,0
Jeff Rutledge,23,15,0,1,1,0,100,23,0,0,0,0,0,118.7,0,0,0,23,23,23,23,1.5,100,,,0,0
Bruce Gradkowski,22,1,0,2,3,1,66.7,22,0,0,0,0,0,88.2,0,0,0,7.3,7.33,7.33,11,22,33.3,,,0,0
Dave Wilson,20,1,0,2,12,10,16.7,20,0,2,0,0,16.7,0,1,4,7.69,1.7,-5.83,-5.69,10,20,15.4,,,0,0
Tom Dublinski,18,3,0,1,2,1,50,18,0,0,0,0,0,81.2,,16,,9,9,,18,6,,,,0,0
Jason Garrett,18,2,0,3,3,0,100,18,0,0,0,0,0,91.7,1,5,25,6,6,3.25,6,9,50,,,0,0
Brock Huard,17,1,0,4,5,1,80,17,0,0,0,0,0,80.8,0,0,0,3.4,3.4,3.4,4.3,17,20,,,0,0
Rich Campbell,15,1,0,1,2,1,50,15,0,0,0,0,0,75,0,0,0,7.5,7.5,7.5,15,15,50,,,0,0
Andre Ware,15,2,0,4,9,5,44.4,15,0,1,1,0,11.1,12,1,6,10,1.7,-3.33,-3.6,3.8,7.5,10,,,0,0
Doug Johnson,14,1,0,1,1,0,100,14,0,0,0,0,0,118.7,0,0,0,14,14,14,14,14,,,,0,0
Nathan Peterman,14,1,0,1,3,2,33.3,14,0,1,0,0,33.3,9.7,0,0,0,4.7,-10.33,-10.33,14,14,33.3,,,0,0
Jack Thompson,14,2,0,1,1,0,100,14,0,0,0,0,0,118.7,0,0,0,14,14,14,14,7,100,,,0,0
Bob Holly,13,1,0,2,2,0,100,13,0,0,0,0,0,93.7,0,0,0,6.5,6.5,6.5,6.5,13,50,,,0,0
Bob Clatterbuck,12,1,0,1,3,2,33.3,12,0,0,0,0,0,46.5,,6,,4,4,,12,12,,,,0,0
Erik Wilhelm,12,1,0,1,5,4,20,12,0,0,0,0,0,39.6,0,0,0,2.4,2.4,2.4,12,12,20,,,0,0
Landry Jones,11,1,0,2,5,3,40,11,0,1,0,0,20,8.3,1,11,16.67,2.2,-6.8,-7.5,5.5,11,,,,0,0
Marty Domres,9,1,0,2,11,9,18.2,9,1,2,0,9.1,18.2,30.3,3,20,21.43,0.8,-5.55,-5.79,4.5,9,,,,0,0
Sammy Baugh,7,1,0,1,6,5,16.7,7,0,0,0,0,0,39.6,0,0,0,1.2,1.17,1.17,7,7,,,,0,0
Paul Justin,6,1,0,1,1,0,100,6,0,0,0,0,0,91.7,1,6,50,6,6,0,6,6,,,,0,0
Davis Mills,6,1,0,1,1,0,100,6,0,0,,0,0,91.7,0,0,0,6,6,6,6,6,,,,0,0
Bill Musgrave,6,1,0,1,1,0,100,6,0,0,0,0,0,91.7,0,0,0,6,6,6,6,6,,,,0,0
Matt Cavanaugh,3,5,0,1,2,1,50,3,0,0,0,0,0,56.2,1,9,33.33,1.5,1.5,-2,3,0.6,,,,0,0
Carson Wentz,3,1,1,1,4,3,25,3,0,0,0,0,0,39.6,1,1,20,0.8,0.75,0.4,3,3,,0,1,0,0
Billy Guy Anderson,0,1,0,0,0,0,,0,0,,0,,,,,,,,,,,0,,,,0,0
Derek Anderson,0,2,0,0,1,1,0,0,0,0,0,0,0,39.6,0,0,0,0,0,0,,0,,,,0,0
Tony Banks,0,3,0,0,3,3,0,0,0,0,0,0,0,39.6,0,0,0,0,0,0,,0,,,,0,0
Bob Berry,0,1,0,0,0,0,,0,0,,0,,,,,,,,,,,0,,,,0,0
Jacoby Brissett,0,1,0,0,0,0,,0,0,0,,,,,0,0,,,,,,0,,,,0,0
Jeff Brohm,0,2,0,0,0,0,,0,0,,0,,,,,,,,,,,0,,,,0,0
Carl Brumbaugh,0,2,2,0,5,5,0,0,0,2,0,0,40,0,0,0,0,0,-18,-18,,0,,1,1,0,0
Glenn Carano,0,5,0,0,0,0,,0,0,,0,,,,,,,,,,,0,,,,0,0
Kellen Clemens,0,3,0,0,0,0,,0,0,,0,,,,,,,,,,,0,,,,0,0
Sean Clifford,0,1,0,0,0,0,,0,0,,,,,,,,,,,,,0,,,,0,0
Red Cochran,0,1,1,0,0,0,,0,0,,0,,,,,,,,,,,0,,,,0,0
Chase Daniel,0,4,0,0,0,0,,0,0,0,0,,,,0,0,,,,,,0,,,,0,0
Steve Dils,0,5,0,0,0,0,,0,0,,0,,,,,,,,,,,0,,,,0,0
Hunter Enis,0,1,0,0,0,0,,0,0,,0,,,,,,,,,,,0,,,,0,0
Mike Ernst,0,1,0,0,0,0,,0,0,,0,,,,,,,,,,,0,,,,0,0
Justin Fields,0,1,0,0,1,1,0,0,0,0,,0,0,39.6,0,0,0,0,0,0,,0,,,,0,0
Matt Flynn,0,1,0,0,0,0,,0,0,0,0,,,,,,,,,,,0,,,,0,0
Bob Gagliano,0,1,0,0,0,0,,0,0,,0,,,,,,,,,,,0,,,,0,0
Joe Gilliam,0,1,0,0,2,2,0,0,0,0,0,0,0,39.6,0,0,0,0,0,0,,0,,,,0,0
Neil Graff,0,1,0,0,0,0,,0,0,,0,,,,,,,,,,,0,,,,0,0
Glynn Griffing,0,1,0,0,1,1,0,0,0,0,0,0,0,39.6,0,0,0,0,0,0,,0,,,,0,0
Ralph Guglielmi,0,1,0,0,0,0,,0,0,,0,,,,,,,,,,,0,,,,0,0
King Hill,0,1,0,0,0,0,,0,0,0,0,,,,0,0,,,,,,0,,,,0,0
Don Horn,0,1,0,0,0,0,,0,0,,0,,,,0,0,,,,,,0,,,,0,0
David Humm,0,9,0,0,0,0,,0,0,,0,,,,,,,,,,,0,,,,0,0
Brett Hundley,0,1,0,0,0,0,,0,0,0,0,,,,0,0,,,,,,0,,,,0,0
Jacky Lee,0,4,0,0,0,0,,0,0,,0,,,,,,,,,,,0,,,,0,0
Cliff Lewis,0,1,1,0,0,0,,0,0,0,0,,,,0,0,,,,,,0,,,,0,0
Dave Lewis,0,1,0,0,0,0,,0,0,0,0,,,,0,0,,,,,,0,,,,0,0
Rusty Lisch,0,1,0,0,0,0,,0,0,,0,,,,,,,,,,,0,,,,0,0
Mike Livingston,0,1,0,0,0,0,,0,0,,0,,,,,,,,,,,0,,,,0,0
Drew Lock,0,1,0,0,0,0,,0,0,,,,,,,,,,,,,0,,,,0,0
Chuck Long,0,1,0,0,0,0,,0,0,0,0,,,,,,,,,,,0,,,,0,0
Jared Lorenzen,0,1,0,0,0,0,,0,0,0,0,,,,,,,,,,,0,,,,0,0
Ray Lucas,0,5,0,0,0,0,,0,0,0,0,,,,,,,,,,,0,,,,0,0
Ed Luther,0,4,0,0,0,0,,0,0,,0,,,,,,,,,,,0,,,,0,0
Dan Manucci,0,1,0,0,1,1,0,0,0,0,0,0,0,39.6,0,0,0,0,0,0,,0,,,,0,0
Jamie Martin,0,2,0,0,0,0,,0,0,,0,,,,,,,,,,,0,,,,0,0
Colt McCoy,0,1,0,0,0,0,,0,0,,,,,,,,,,,,,0,,,,0,0
Luke McCown,0,2,0,0,0,0,,0,0,,0,,,,,,,,,,,0,,,,0,0
Charlie Milstead,0,1,0,0,0,0,,0,0,0,0,,,,,,,,,,,0,,,,0,0
Gardner Minshew II,0,2,0,0,0,0,,0,0,0,,,,,0,0,,,,,,0,,,,0,0
Mike Moroski,0,2,0,0,0,0,,0,0,,0,,,,,,,,,,,0,,,,0,0
Jack Myers,0,1,0,0,0,0,,0,0,,0,,,,,,,,,,,0,,,,0,0
Brent Pease,0,2,0,0,0,0,,0,0,,0,,,,,,,,,,,0,,,,0,0
Doug Pederson,0,6,0,0,0,0,,0,0,0,0,,,,,,,,,,,0,,,,0,0
Steve Pelluer,0,1,0,0,0,0,,0,0,,0,,,,,,,,,,,0,,,,0,0
Kenny Pickett,0,2,0,0,1,1,0,0,0,0,,0,0,39.6,0,0,0,0,0,0,,0,,,,0,0
Chris Redman,0,1,0,0,0,0,,0,0,0,0,,,,,,,,,,,0,,,,0,0
Joe Reed,0,1,0,0,0,0,,0,0,,0,,,,,,,,,,,0,,,,0,0
John Roach,0,1,0,0,0,0,,0,0,0,0,,,,0,0,,,,,,0,,,,0,0
Matt Robinson,0,1,0,0,0,0,,0,0,,0,,,,,,,,,,,0,,,,0,0
Turk Schonert,0,4,0,0,1,1,0,0,0,0,0,0,0,39.6,0,0,0,0,0,0,,0,,,,0,0
Scott Secules,0,2,0,0,0,0,,0,0,,0,,,,,,,,,,,0,,,,0,0
George Shaw,0,2,0,0,0,0,,0,0,,0,,,,,,,,,,,0,,,,0,0
Brad Smith,0,1,0,0,0,0,,0,0,0,0,,,,,,,,,,,0,,,,0,0
Troy Smith,0,1,0,0,0,0,,0,0,0,0,,,,,,,,,,,0,,,,0,0
Bob Snyder,0,1,1,0,1,1,0,0,0,0,0,0,0,39.6,0,0,0,0,0,0,,0,,1,0,0,0
Steve Spurrier,0,2,0,0,0,0,,0,0,0,0,,,,0,0,,,,,,0,,,,0,0
Nate Sudfeld,0,1,0,0,0,0,,0,0,0,0,,,,0,0,,,,,,0,,,,0,0
Troy Taylor,0,1,0,0,0,0,,0,0,,0,,,,,,,,,,,0,,,,0,0
Logan Thomas,0,1,0,0,0,0,,0,0,,0,,,,,,,,,,,0,,,,0,0
Travis Tidwell,0,1,1,0,3,3,0,0,0,0,0,0,0,39.6,,8,,0,0,,,0,,0,1,0,0
Bill Troup,0,2,0,0,0,0,,0,0,,0,,,,,,,,,,,0,,,,0,0
Don Trull,0,1,0,0,0,0,,0,0,,0,,,,,,,,,,,0,,,,0,0
Jay Walker,0,1,0,0,0,0,,0,0,,0,,,,,,,,,,,0,,,,0,0
Seneca Wallace,0,4,1,0,0,0,,0,0,0,0,,,,0,0,,,,,,0,,,,0,0
John Walton,0,1,0,0,0,0,,0,0,,0,,,,,,,,,,,0,,,,0,0
Jim Ward,0,1,0,0,0,0,,0,0,,0,,,,0,0,,,,,,0,,,,0,0
Chris Weinke,0,1,0,0,0,0,,0,0,0,0,,,,,,,,,,,0,,,,0,0
David Whitehurst,0,1,,0,0,0,,0,0,0,0,,,,1,4,100,,,-4,,0,,,,0,0
Eddie Wilson,0,1,0,0,0,0,,0,0,0,0,,,,,,,,,,,0,,,,0,0
Patrick Ramsey,-1,1,0,1,1,0,100,-1,0,0,0,0,0,79.2,0,0,0,-1,-1,-1,-1,-1,,,,0,0