,Train: Billy Joe Tolliver,Train: Rudy Bukich,Train: Y.A. Tittle,Train: Jim Zorn,Train: Steve Walsh,Train: Wade Wilson,Train: Craig Erickson,Train: Sam Bradford,Train: Pete Beathard,Train: Joey Harrington,Train: Billy Wade,Train: Alex Smith,Train: Billy Kilmer,Train: Robert Griffin III,Train: Joe Theismann,Train: Joe Ferguson,Train: Tim Couch,Train: Erik Kramer,Train: Chris Chandler,Train: Scott Mitchell,Train: George Blanda,Train: John Friesz,Train: Frank Tripucka,Train: Jay Cutler,Train: Norm Snead,Train: Tony Banks,Train: Jake Delhomme,Train: Steve Bartkowski,Train: Jeff Blake,Train: Bobby Layne,Train: Rex Grossman,Train: Rick Mirer,Train: Doug Flutie,Train: Norm Van Brocklin,Train: Bobby Hebert,Train: Bob Berry,Train: Bert Jones,Train: Milt Plum,Train: Warren Moon,Train: Donovan McNabb,Train: Steve Beuerlein,Train: Lynn Dickey,Train: Jon Kitna,Train: Michael Vick,Train: Johnny Unitas,Train: Kurt Warner,Train: Jim Plunkett,Train: Charley Johnson,Train: Josh Freeman,Train: Troy Aikman,Train: John Elway,Train: Jack Trudeau,Train: Tom Flores,Train: Greg Landry,Train: Vince Young,Train: Neil Lomax,Train: Daunte Culpepper,Train: Drew Bledsoe,Train: Mike Pagel,Train: Earl Morrall,Train: Colin Kaepernick,Train: Kyle Orton,Train: Tommy Kramer,Train: Mark Sanchez,Train: Jeff Hostetler,Train: Vince Ferragamo,Train: Chris Miller,Train: Marc Bulger,Train: Zeke Bratkowski,Train: Don Majkowski,Train: Frank Ryan,Train: Neil O'Donnell,Train: Bobby Thomason,Train: Ron Jaworski,Train: Aaron Brooks,Train: Charlie Conerly,Train: Joe Montana,Train: Tobin Rote,Train: Craig Morton,Train: Mark Rypien,Train: Archie Manning,Train: Jeff George,Train: Josh McCown,Train: Tony Romo,Train: Don Meredith,Train: Matt Hasselbeck,Train: Al Dorow,Train: Eli Manning,Train: Ed Brown,Train: Matt Schaub,Train: Doug Williams,Train: Steve Young,Train: David Carr,Train: Bill Nelsen,Train: Gary Danielson,Train: Lamar McHan,Train: Kerry Collins,Train: Dave Brown,Train: Bob Griese,Train: Tommy Thompson,Train: Carson Palmer,Train: Randall Cunningham,Train: Boomer Esiason,Train: James Harris,Train: Bill Kenney,Train: Vince Evans,Train: Roman Gabriel,Train: Brian Griese,Train: George Ratterman,Train: Joe Namath,Train: Pat Haden,Train: Otto Graham,Train: Sammy Baugh,Train: Daryle Lamonica,Train: Tommy Maddox,Train: David Woodley,Train: Blake Bortles,Train: John Brodie,Train: Tony Eason,Train: Bart Starr,Train: Derek Anderson,Train: Dan Fouts,Train: Brett Favre,Train: John Hadl,Train: Matt Moore,Train: Jason Campbell,Train: Brad Johnson,Train: Ken Anderson,Train: Andrew Luck,Train: Bill Munson,Train: Elvis Grbac,Train: Marc Wilson,Train: Jim Everett,Train: Steve Grogan,Train: Dan Pastorini,Train: Mike Phipps,Train: Danny White,Train: Len Dawson,Train: Mike Livingston,Train: Trent Dilfer,Train: Charlie Batch,Train: Rodney Peete,Train: Phil Simms,Train: Jim Harbaugh,Train: Brian Sipe,Train: Rich Gannon,Train: Sonny Jurgensen,Train: Steve McNair,Train: Peyton Manning,Train: Frankie Albert,Train: Mark Brunell,Train: Terry Bradshaw,Train: Randy Johnson,Train: Bob Waterfield,Train: Babe Parilli,Train: Sid Luckman
Test: Chad Pennington,-6.625716e-08,-1.7674707e-05,0.0001833937,-1.9866557e-06,6.201621e-08,2.8614418e-06,-7.1457473e-10,1.3342824e-07,-3.1104258e-07,-7.708125e-08,-8.4865715e-05,5.979885e-07,-1.3549106e-05,9.297646e-08,5.1014846e-05,-3.9524684e-06,-3.337307e-08,4.6498377e-07,7.057232e-07,2.9444016e-07,0.0015583892,-4.9080913e-09,-2.6935775e-05,1.126957e-06,-0.0012673279,-6.750646e-08,2.6476033e-05,-1.4429705e-06,-4.2245597e-07,0.00061814534,7.755885e-08,-2.6851119e-08,4.5660298e-07,1.171795e-05,1.9395262e-05,-5.745672e-06,1.0889122e-06,-0.00016579713,-0.0001141205,0.0005616127,1.1491292e-07,-2.1958405e-08,1.9441777e-06,1.6968323e-07,1.2215085e-06,-0.00034752276,-7.0235954e-05,-5.8672995e-05,2.4412657e-08,-0.00087874255,-8.227083e-07,2.0224078e-08,-5.1328866e-06,-1.4472151e-07,1.0531749e-07,4.828153e-07,1.2339216e-05,-1.166523e-05,-5.998781e-09,-0.0020333647,1.3337369e-07,1.2070078e-07,1.2698031e-06,6.816715e-08,1.144736e-06,6.6449284e-06,1.6313157e-07,6.6984994e-06,-5.2994565e-05,1.3284495e-07,-2.2626675e-06,2.4036094e-06,-0.00011686653,-2.5266706e-06,1.5618146e-07,-0.00013140564,-1.9037248e-06,-0.00013022024,-2.3345752e-05,0.00024946776,-8.428069e-06,5.522467e-07,1.3965686e-08,0.0002162202,-1.4035368e-05,4.6400248e-05,-3.8767237e-05,0.00019297295,-0.0007852167,1.7797413e-05,1.2023895e-06,-0.00013250679,-1.4440714e-08,-7.281293e-06,2.8862885e-06,-2.5068646e-06,1.1189203e-06,-5.854246e-09,3.6467078e-05,-0.00035854083,0.00012456579,3.2994917e-06,-4.877857e-06,-9.841875e-07,5.2862896e-07,-8.3237165e-07,-2.1746378e-05,2.691406e-06,-6.938263e-06,0.001705719,3.4852508e-07,-4.052591e-08,0.00043574648,-0.00015242043,4.620389e-08,9.907931e-08,4.5675424e-08,-0.0005073476,2.6744775e-07,0.0004148473,-5.423157e-09,-0.00028385696,-7.395541e-08,-0.0011511351,5.241684e-08,2.2322159e-07,0.00013895785,8.964374e-05,6.3765925e-05,-3.471178e-07,5.212847e-06,-2.3058658e-07,1.9682166e-05,-5.3969916e-06,-8.122409e-07,-2.3342572e-07,0.0017466526,0.0002062645,-1.7244128e-06,-1.598404e-07,-1.372508e-08,4.5286818e-08,6.851263e-06,6.578049e-07,-1.7470838e-05,8.647045e-05,0.00060938013,2.1996355e-05,-5.047958e-10,-2.3427181e-05,2.4864381e-05,-9.956349e-06,-1.0549226e-06,0.00063017785,-0.00028865525,4.1676987e-05
Test: Ken Stabler,6.497302e-05,0.008246072,0.033367816,0.00084931304,4.2852746e-05,-0.0005293572,0.00019329514,0.000113793736,7.9707475e-05,0.00012745218,0.028651454,-0.00015064022,-0.0003805216,2.6754997e-05,-0.06486105,-0.00029767017,7.710373e-05,1.9881312e-05,-0.00046916632,0.00017521325,0.28202656,9.136436e-05,0.0065953853,5.8649413e-05,0.13048999,7.622775e-05,-0.0044943606,-0.0010018827,0.00047106485,0.026136877,1.0890422e-05,1.7402017e-05,0.00013113469,0.019199608,0.00080650125,0.0046010353,0.00045027267,0.06664439,0.28092098,-0.29421705,4.540267e-05,-0.00048529703,0.00021357989,1.5146262e-05,0.00074287783,0.12175195,-0.14341958,0.011276898,5.513802e-05,0.43398106,0.13554436,1.8944842e-05,0.0018307955,5.7953777e-05,5.4745047e-05,0.00018970399,0.00047219047,-0.005975893,5.765023e-06,-0.3989221,-3.2127257e-06,0.00016751947,-0.00074137014,-4.393975e-06,-0.0001501681,-0.0012534778,6.224217e-05,-0.00018081098,0.006089406,5.2024112e-05,0.0001886197,-0.00044050722,0.0505638,-0.0017947992,4.3379245e-05,-0.03660181,0.0015196402,-0.011946145,-0.02934687,-0.012884608,0.0019145221,8.237354e-06,3.9147e-06,-0.035919804,0.0048043453,-0.0267712,0.009307013,-1.0275245,0.087134205,0.001050189,0.00023298124,0.051353574,3.88129e-05,0.0031939184,0.0019272574,0.00055392395,-0.0053264224,1.956863e-05,0.3704115,0.14340758,-0.04163699,-0.006054705,-0.016866313,0.0005235229,0.0006295437,0.00039487067,0.0009692047,0.0025910414,0.0164071,0.11134639,0.00024273689,5.6254994e-05,-0.42987517,-0.31111693,1.1211089e-05,7.107243e-05,1.07299165e-05,-0.07017661,1.1766719e-05,0.9134403,0.00015291352,0.47511533,0.00017806792,-0.022493506,9.420075e-06,0.00022739037,-0.025717398,-0.041673496,-0.0054191784,0.0007755784,0.0007883617,0.00013709479,-0.0052108355,-0.00067754515,-2.8236878e-05,4.3822434e-05,-0.662893,0.23581466,0.00069216994,2.3614703e-05,0.0001038437,1.4360571e-05,-0.06477561,-4.243894e-05,0.009793309,-0.019589175,-0.09632555,-0.007771771,5.2873145e-07,0.042834356,-0.011886255,0.5692023,0.0003363148,-0.03468495,-0.0053841607,0.008805251
Test: Dan Marino,5.260236e-07,9.2897055e-05,0.000522301,6.6977273e-06,4.5305026e-07,2.1711069e-06,1.5136842e-06,4.834989e-07,1.8766499e-06,7.9740056e-07,0.00032691844,-2.5198638e-06,-3.4027726e-06,2.3901046e-07,-0.00025599814,-6.2154595e-06,5.598645e-07,3.9181927e-07,-4.2325573e-06,1.2222433e-06,0.0026003835,6.8478846e-07,7.1826544e-05,-3.7365703e-06,8.931634e-05,5.443377e-07,-4.6874873e-05,-4.01119e-06,1.7104509e-06,0.00045862223,1.7567096e-07,1.460174e-07,1.1658312e-06,0.00017992326,-1.6156937e-06,5.067386e-05,5.5901764e-06,0.0005548386,0.0029914351,-0.0025054994,3.212417e-07,4.25403e-06,-3.110784e-06,-9.461867e-09,7.226639e-06,0.000962781,-0.00058644306,5.4350967e-05,2.6774782e-07,0.0040825917,0.0012048135,2.5481302e-07,1.7189159e-05,8.4167084e-07,4.758341e-07,1.2495412e-06,-6.1007418e-06,-0.00016304402,7.1872996e-08,-0.0002873691,5.8823677e-08,7.702671e-07,-6.1991013e-06,3.7780964e-08,1.2546202e-06,8.301259e-06,6.493593e-07,-1.9896668e-06,0.00019677766,7.237338e-07,4.1114487e-05,-4.086734e-06,0.0005042813,-1.3901755e-05,2.458073e-07,0.00026186852,1.23465525e-05,6.916735e-05,-0.00018612093,-0.00012952113,1.2097413e-05,-4.0522576e-07,4.3345697e-08,-0.00049561425,7.295012e-05,-0.00026103584,0.00012867067,-0.0118888635,0.0016375683,-4.903723e-06,-1.0468515e-06,0.0005429479,2.8937498e-07,5.9290356e-05,2.2214877e-05,6.08707e-06,-0.0001044288,1.860352e-07,0.0024100894,0.0041065416,-0.0007672351,-4.4747325e-05,-0.00040784388,7.5863277e-06,5.541664e-06,4.1425837e-06,-1.292205e-05,1.0844593e-05,0.00024620857,0.0025318852,4.998531e-06,3.9400862e-07,-0.007856636,-0.00211474,2.0712487e-07,1.4189434e-06,5.7695136e-08,-0.0014869991,7.1078153e-07,0.0036775272,1.0900303e-06,0.005730029,1.8715402e-06,-0.0008223395,1.1904349e-07,1.2736061e-06,-0.00029004843,-0.00034442096,-0.0001298609,7.4488794e-06,4.5835914e-06,1.5383625e-06,-0.00013595607,-8.106182e-06,9.2776565e-07,7.110823e-07,-0.0031081713,0.0014077709,6.6448306e-06,9.3506947e-07,8.1944285e-07,2.5661845e-07,-0.00051126635,-9.76912e-07,2.6183217e-05,-0.00019580987,0.00037034077,-8.693592e-05,5.9383782e-09,0.0008843485,-0.00012608584,0.003711845,4.1486637e-06,-0.0018865782,0.00010334636,-0.0001351847
Test: Ken O'Brien,-2.83028e-08,-8.397199e-06,4.2707857e-06,4.0848076e-07,-9.829994e-09,4.5816867e-07,-6.65161e-08,1.8639902e-08,-1.1310465e-07,-4.3917662e-08,-6.647925e-06,2.751753e-07,-4.0232526e-06,2.4384027e-08,2.8916096e-05,7.876601e-07,-1.371961e-08,8.575066e-08,2.2265287e-06,3.436514e-08,0.00060113706,-3.6085073e-08,-8.860771e-06,9.608138e-07,-0.00010159517,-9.191499e-09,3.2310177e-06,2.6832856e-06,-5.4800086e-08,0.0001238429,-3.1599223e-09,-4.48272e-09,7.5700875e-08,2.7159645e-05,4.1097924e-06,-1.2756075e-06,1.1411695e-06,-2.0618398e-05,-0.00012541268,2.0082454e-05,1.02982085e-07,1.869469e-06,2.4363717e-06,8.280783e-08,1.8385369e-07,-3.6076628e-06,2.7428134e-05,-7.7712175e-06,-1.1635387e-08,5.1677753e-06,1.926859e-05,1.3500082e-08,-1.1052963e-06,6.510105e-08,2.5397936e-08,5.53967e-07,4.157304e-06,1.14765135e-05,1.8540697e-10,-0.000596907,1.9222583e-08,-6.916459e-09,1.2977884e-07,4.131208e-09,2.7157037e-07,-1.4264881e-06,1.6315558e-07,2.501772e-06,-1.459772e-05,6.2968105e-08,6.1859464e-07,5.8930664e-07,-3.833863e-05,6.726881e-07,8.494849e-08,-3.7363745e-06,4.2045167e-07,-2.6935033e-05,5.6569974e-07,-2.1043293e-06,1.2854517e-07,4.3443885e-07,8.189961e-09,5.010763e-05,2.2962734e-06,4.835961e-06,-1.1575734e-05,0.000100260564,-8.1567974e-05,3.1483316e-06,-8.6772934e-07,-8.929693e-06,3.6556198e-09,-3.3507736e-06,2.0684633e-06,-6.998746e-07,4.39578e-06,6.7934445e-09,2.6758373e-05,-0.00031965252,6.4555665e-05,1.9085794e-06,5.0629427e-05,-3.1525568e-07,4.103593e-07,-2.104551e-07,6.8262857e-06,-1.4125011e-08,-2.7679675e-05,0.00037123688,-2.6433702e-09,2.5121091e-08,0.0003604191,-0.0003635026,-1.1367942e-09,2.6001853e-08,1.3216619e-08,-5.5165467e-05,1.0277834e-07,-9.886384e-05,-7.794017e-08,-0.00010620069,3.066892e-08,2.2497235e-05,1.2303163e-08,1.541406e-08,1.901273e-05,5.640095e-05,5.811756e-06,1.4958074e-07,7.267821e-07,3.9937145e-08,9.350334e-06,9.078724e-07,4.6943995e-08,-1.2203103e-08,0.00012656383,-4.029163e-05,-3.737177e-07,1.9335587e-07,-2.3298538e-08,3.6059838e-08,5.883542e-05,7.505576e-07,1.0794453e-05,1.20651575e-05,-0.00014591371,5.4078487e-07,1.3943402e-10,-3.6975627e-05,5.427321e-06,0.00024694405,-2.5088684e-07,0.00032595493,-3.038671e-05,3.4543362e-05
Test: Mark Malone,2.09401e-09,1.8499951e-07,4.824777e-06,6.139991e-08,5.8263314e-09,2.0353847e-08,4.4975943e-09,-1.0192882e-09,1.5697848e-08,4.1974615e-09,4.174584e-07,-8.151996e-09,1.6087893e-07,1.1140155e-09,-6.7857815e-07,4.461885e-09,1.5136989e-09,8.252653e-09,-1.9900165e-08,6.2904837e-09,9.794124e-07,2.7885498e-09,4.995277e-07,-1.96031e-08,-1.3580632e-05,1.0611754e-09,5.8750732e-08,-3.3391533e-08,-8.842777e-09,1.7073802e-06,2.57216e-09,6.3819516e-10,1.1738328e-08,2.4848725e-07,1.0389336e-07,-7.417175e-08,-1.578042e-11,8.1056976e-07,1.4691712e-05,-1.0746761e-05,1.4309244e-09,1.0725898e-07,-5.3859097e-08,2.9605354e-10,4.4225445e-08,3.449138e-06,-1.7413994e-06,-6.1676815e-07,6.6349826e-10,1.0127382e-05,4.5520824e-06,3.2515042e-09,1.4751444e-08,1.137533e-10,3.34887e-09,4.5548063e-09,-3.651586e-08,-8.113239e-07,8.09442e-10,-1.9902227e-05,9.3033214e-10,-5.283105e-10,2.0261593e-08,2.642926e-09,2.5385754e-08,1.7000656e-07,9.088004e-09,1.07597895e-08,1.3039605e-06,8.907282e-09,7.792829e-08,-8.156809e-10,1.3604057e-06,-4.1883187e-08,4.1177954e-09,1.4742567e-06,4.3667885e-08,2.7462045e-06,-1.5113371e-06,1.5766235e-06,-4.9063143e-08,3.8758508e-09,1.9969096e-10,-3.3720594e-06,2.3441778e-08,-7.888108e-07,5.9920166e-07,-4.5298577e-05,-9.105269e-07,-2.1896012e-08,9.117019e-08,3.153061e-06,2.1377164e-10,3.1272748e-07,7.1771616e-08,3.300911e-08,-2.5683315e-07,1.2352508e-09,1.4440724e-05,2.747413e-05,-4.8648235e-06,-2.230234e-07,-2.925701e-06,5.6491864e-08,2.8774284e-08,1.9027306e-08,-2.4114303e-07,-6.305336e-08,2.3696598e-06,5.1134753e-06,5.1555713e-08,2.776864e-09,6.482183e-06,8.0380863e-07,2.4978017e-09,1.7144307e-08,8.3890966e-10,-5.521173e-06,4.945116e-09,3.662206e-05,4.5688844e-09,1.984524e-05,7.872165e-09,-1.0455946e-05,8.599944e-10,-1.2178437e-09,-1.2766203e-06,-1.5797723e-06,-1.8775997e-07,1.8657616e-08,5.6312906e-08,6.737855e-09,-3.147529e-07,-6.218295e-08,2.198024e-08,5.968324e-09,-1.555623e-05,1.5273723e-05,2.3807582e-08,1.9008123e-08,2.598564e-10,2.8822367e-09,-4.3690693e-06,-5.606564e-09,-2.5877543e-07,-6.834696e-07,2.816196e-05,-2.4188262e-07,2.5216804e-11,4.151934e-06,-6.7873555e-07,6.0738375e-06,1.7638486e-08,-2.329598e-05,1.4801324e-06,-1.2854972e-06
Test: Byron Leftwich,1.1115042e-09,8.046365e-08,1.8003722e-06,6.658457e-09,1.6665456e-09,1.1601703e-08,3.7039916e-09,2.207751e-09,2.503627e-09,2.5822746e-09,1.2250291e-07,-1.2050277e-09,-5.2057405e-08,8.245706e-10,-4.7429907e-07,-2.7963065e-08,1.395293e-09,3.1748644e-09,-1.1495857e-08,4.7891997e-09,9.928225e-06,1.9131274e-09,6.279887e-08,2.1424087e-09,-5.1729844e-06,1.1279461e-09,4.6598476e-08,-2.0055984e-08,4.8247437e-09,3.06544e-06,9.0238467e-10,2.7978037e-10,4.8827182e-09,3.1503168e-07,8.34979e-08,2.7221015e-08,1.7369958e-08,1.9570979e-07,5.376467e-06,-2.3521613e-06,7.3690826e-10,-2.539945e-08,1.1304656e-08,1.096917e-09,1.6395864e-08,7.0564516e-07,-2.3865693e-06,-1.4670721e-07,1.0641698e-09,3.881064e-06,2.0712444e-06,6.7709865e-10,6.6315256e-09,9.477105e-10,1.9297108e-09,2.5954356e-09,2.6093682e-08,-2.515891e-07,1.2607085e-10,-1.2693089e-05,6.8579764e-10,3.185047e-09,5.1369744e-09,5.524294e-10,6.6520425e-09,4.066686e-08,3.077467e-09,2.4662128e-08,8.502251e-08,1.3898588e-09,-1.6524599e-08,5.8854197e-09,4.098527e-07,-4.0328416e-08,1.1936289e-09,-5.314761e-07,1.4379243e-08,-5.6822347e-07,-6.8260334e-07,8.5138413e-07,-1.5311677e-08,-5.6938707e-11,1.7698637e-10,6.996973e-08,-6.6539e-08,-2.628209e-07,6.836514e-08,-1.6993981e-05,-2.2261004e-06,6.586897e-08,1.6741003e-08,6.045328e-07,6.061124e-10,4.909884e-08,4.648141e-08,1.4558901e-09,-1.279845e-07,4.12514e-10,6.5044846e-06,7.780531e-07,-6.1117333e-07,-7.616854e-08,-4.8032126e-07,1.1512372e-08,1.2486624e-08,5.668913e-09,-1.01331864e-07,4.4092214e-08,2.7942502e-07,9.256206e-06,1.313867e-08,7.753964e-10,-6.0671473e-06,-5.992203e-06,5.9229055e-10,3.821468e-09,3.914272e-10,-4.457089e-06,1.8969641e-09,1.8189001e-05,3.307275e-09,9.077351e-06,2.9018863e-09,-5.9332206e-06,4.757563e-10,4.6356003e-09,1.6397311e-07,-5.6919635e-07,1.1712779e-07,8.415113e-09,4.4879286e-08,2.0408937e-09,-1.2891084e-07,-3.6442312e-08,-1.1023672e-10,6.7177963e-10,-2.9273979e-06,5.684433e-06,7.877002e-09,3.5294352e-09,1.864079e-09,5.1077703e-10,-1.3942105e-06,8.8601027e-10,9.3417555e-08,7.0828406e-08,3.3128981e-06,-4.5688715e-09,7.1534263e-12,1.0977134e-06,-1.1613925e-07,7.777262e-06,2.5331255e-09,2.0867733e-06,-1.0372069e-06,5.426724e-07
Test: Bubby Brister,3.2986416e-09,3.4203885e-07,5.8017677e-06,4.9860507e-08,4.1635015e-09,8.886229e-09,7.0141417e-09,2.9855598e-09,5.2713096e-09,6.3921335e-09,1.1487427e-06,-1.060467e-09,1.330508e-07,1.1399884e-09,-1.6918982e-07,-5.3378475e-09,3.16212e-09,5.244323e-09,5.1093835e-08,5.477272e-09,1.216338e-05,4.2087263e-09,3.7862608e-07,-4.776803e-09,-5.226205e-06,3.8680454e-09,-8.948235e-09,-2.7836125e-08,1.1218211e-08,7.305647e-06,2.0754807e-09,1.0814446e-09,1.231863e-08,2.093917e-06,7.7363644e-08,1.2958154e-07,-1.2383135e-08,-1.6668181e-06,9.244617e-06,-1.1372074e-05,6.508971e-09,3.9978456e-08,5.354233e-09,2.2096671e-09,3.741529e-08,3.104514e-06,-1.990113e-06,-8.075364e-08,1.1528508e-09,1.724956e-05,3.818673e-06,2.4662712e-09,4.516935e-08,3.6776897e-09,2.931575e-09,3.649004e-09,-5.1439834e-08,-7.2491736e-07,6.915688e-10,-4.8974684e-06,1.439763e-09,4.713513e-09,1.02869295e-08,2.6870777e-09,3.715362e-08,3.7731667e-08,4.8730966e-09,3.049602e-08,1.1268496e-06,5.9774856e-09,-2.166235e-07,3.47041e-08,9.659452e-07,-2.5015582e-08,3.1099399e-09,1.3668929e-06,4.6878895e-08,5.1340925e-07,-1.3441784e-06,8.530146e-07,5.3201177e-08,4.6147e-09,4.0971548e-10,-2.1294923e-06,-3.6974635e-07,-3.39716e-07,5.3375624e-07,-2.874156e-05,3.1217742e-06,7.3982335e-08,8.474189e-09,2.3879115e-06,1.9915394e-09,-2.4523897e-07,9.2738034e-08,1.8862407e-08,-2.1492784e-07,1.3640626e-09,1.7670069e-05,8.827932e-06,-2.8690715e-06,-7.688934e-08,-2.3054188e-06,3.7289734e-08,5.294615e-08,2.0670681e-08,-2.1605703e-07,4.3212662e-08,-2.7067168e-07,2.0608992e-05,2.2029605e-08,3.0380398e-09,-3.4853696e-05,-2.2976614e-05,1.9395194e-09,6.7338006e-09,7.959442e-10,-1.0324357e-05,4.2863735e-09,3.306914e-05,7.684468e-09,2.4285077e-05,8.277938e-09,-1.5877717e-05,8.751777e-10,8.436077e-09,-1.4853961e-07,-1.7594916e-06,-4.1419335e-07,1.795881e-08,5.7384426e-08,5.7278275e-09,-5.007438e-07,-1.5717254e-07,1.3713408e-08,4.0475796e-09,-1.1481477e-05,1.41711225e-05,3.890252e-08,1.6843513e-08,5.4031926e-09,3.5277397e-09,-2.1654898e-06,1.4838145e-08,-1.0906628e-07,-5.8391566e-07,2.6104723e-05,-1.6223309e-07,2.761439e-11,6.5727875e-07,-1.3926116e-07,1.4048503e-05,1.8145004e-08,8.6955646e-07,-4.26438e-07,9.586023e-07
Test: Vinny Testaverde,-5.938254e-06,-0.0011940966,-0.006578098,3.8867107e-05,-6.506487e-06,-5.0193496e-05,-2.4285873e-05,-4.371018e-06,-2.9568491e-05,-6.0828806e-06,-0.0017292792,4.0422725e-05,0.000273031,-3.6526503e-06,0.002388362,0.00032170012,-6.6471894e-06,-4.4423045e-06,0.0002904562,-1.6792455e-05,-0.047087952,-9.439294e-06,-0.00065551564,0.00014427086,0.034852557,-4.472812e-06,0.000407942,0.00017572369,2.815271e-06,-0.0035416768,-3.883045e-06,-1.1553516e-06,-8.14051e-06,0.0012201016,0.00026076887,-0.0006948212,-8.1871985e-05,-0.0064326786,-0.04579026,0.014332005,8.275058e-06,0.00025789463,0.00031421133,3.0523079e-06,-7.478413e-05,-0.0029989951,0.011818806,0.000656373,-4.1526973e-06,-0.023333948,-0.009598051,-1.7084869e-06,-0.0002029497,-3.5661674e-06,-7.0521833e-06,4.694714e-06,0.000102455546,0.0032945443,-5.5069455e-07,-0.031217605,-3.2398627e-06,-8.000218e-06,0.00012315773,-1.3894648e-06,-2.2456514e-05,-0.00039102268,-2.6125101e-06,5.9477305e-05,-0.0019220127,-4.6549258e-06,-0.0007803403,3.681559e-05,-0.0077470345,0.00026446464,1.6830022e-06,0.0014217081,-2.3386907e-05,0.00066365424,0.002405308,-0.0010037537,0.00014339651,3.6626283e-05,8.384322e-09,0.005318765,-0.0012850518,0.0028972817,-0.0015573702,0.15105753,-0.0074246195,0.0002258483,-7.302762e-05,-0.0016170422,-1.9023555e-06,-0.0014908114,-0.00020074313,-7.267314e-05,0.002273922,-1.7488833e-06,-0.011860961,-0.07912709,0.015041677,0.0003802139,0.009464743,-0.00012217241,-2.4931289e-05,-4.3004213e-05,0.001023133,-9.470618e-05,-0.006000759,-0.050863795,-0.00013576118,3.522045e-06,0.08353905,-0.02337186,-3.4437317e-06,-2.5298525e-05,-3.020281e-07,0.035340942,-1.0170914e-05,-0.022153717,-1.2914013e-05,-0.054603703,-1.8063169e-05,0.039007787,-1.4528309e-06,-1.1607607e-05,0.005069466,0.005720371,0.000100410565,-7.620163e-05,-0.00010352355,-1.5712043e-05,0.0022813922,0.0004483196,1.1014e-05,-5.636336e-06,-0.0012203873,-0.015927905,-6.180059e-05,2.5017038e-05,-8.356411e-06,8.054157e-07,0.0101594,7.462036e-05,0.0010524058,0.0017791498,-0.025085788,0.00055004423,-4.059431e-08,-0.014769439,0.0016393521,-0.005713032,-4.5244655e-05,0.04957812,0.0049424856,0.00556919
Test: Brock Osweiler,5.5358174e-10,3.4533205e-08,9.480193e-07,4.364993e-09,9.475909e-10,4.4482666e-09,1.8381209e-09,1.0217054e-09,1.3583045e-09,1.2620017e-09,-3.716619e-08,-2.404179e-10,-1.9534767e-08,4.8001964e-10,-2.669616e-07,-1.3350983e-08,7.6980805e-10,1.487151e-09,-5.6313505e-09,2.181043e-09,5.533896e-06,9.318616e-10,3.591425e-08,-1.0931914e-09,-3.197072e-06,5.5934046e-10,2.8707385e-08,-9.86668e-09,1.5979061e-09,1.4678471e-06,4.9631654e-10,1.5321758e-10,2.1685758e-09,2.884939e-07,3.4926845e-08,1.6604321e-08,5.103938e-09,1.5212677e-07,2.9504563e-06,-1.2824192e-06,2.419839e-10,-5.6927725e-09,-1.4912951e-09,4.949752e-10,9.482974e-09,3.1840742e-07,-1.1514205e-06,-1.13470996e-07,5.1615673e-10,1.3175081e-06,9.866543e-07,4.1361994e-10,3.1208067e-09,1.5671282e-10,9.367758e-10,1.909968e-09,1.9133251e-08,-1.309794e-07,9.0693786e-11,-7.3565498e-06,3.8079492e-10,1.4119405e-09,-2.587753e-09,4.1538734e-10,3.8806234e-09,2.2272188e-08,1.430186e-09,1.26260105e-08,5.076323e-08,1.1766969e-09,-1.9281075e-08,3.4723486e-09,2.0933174e-07,-1.881754e-08,7.8922213e-10,-5.645142e-07,6.5708687e-09,-2.0482119e-07,-3.573698e-07,3.6493057e-07,-7.4416433e-09,5.355186e-10,6.402084e-11,-1.16291226e-07,-3.6215578e-08,-1.2134818e-07,4.1112077e-08,-8.9012e-06,-1.3662906e-06,2.879895e-08,7.678293e-09,2.5645875e-07,3.325788e-10,2.3095865e-08,2.3577261e-08,1.1819917e-09,-7.36364e-08,2.4913716e-10,3.2321768e-06,1.4912373e-06,-5.7518366e-07,-3.6365098e-08,-4.6233455e-07,7.50103e-09,5.494546e-09,2.9556737e-09,-6.65145e-08,1.8975387e-08,2.2371991e-07,5.477807e-06,8.9095495e-09,4.2743317e-10,3.3043224e-07,-2.2359227e-06,4.1313133e-10,2.2990847e-09,2.2089366e-10,-2.3555776e-06,1.0427841e-09,8.07864e-06,1.5710774e-09,4.13684e-06,1.5026624e-09,-3.9034267e-06,2.3683594e-10,2.038139e-09,-3.2521054e-08,-3.3262774e-07,8.91239e-08,5.379134e-09,2.1707914e-08,1.1642496e-09,-5.7143676e-08,-3.635256e-08,5.237516e-10,5.317947e-10,-1.4893964e-06,3.0639608e-06,4.067245e-09,2.1606583e-09,8.259512e-10,3.3103717e-10,-7.81026e-07,5.838828e-10,-1.8293781e-09,-2.8416613e-08,3.349916e-06,-1.18914025e-08,3.8200667e-12,3.82344e-07,-7.3123125e-08,3.0784158e-06,2.1154072e-09,-2.494357e-07,-6.5299764e-07,2.2253384e-07
Test: Kent Graham,3.1051726e-09,4.0951574e-07,1.7270454e-06,2.0238584e-08,2.123135e-09,-8.067674e-09,7.899752e-09,4.11061e-09,5.7708016e-09,6.589333e-09,7.142249e-07,-6.565348e-09,2.4257888e-08,5.3156934e-10,-1.22755e-06,-2.1784942e-08,3.4347072e-09,1.12577954e-10,-3.9107928e-08,5.843438e-09,4.392505e-06,4.2714756e-09,4.1862484e-07,-1.8783979e-08,3.9737297e-06,3.3171739e-09,-1.4596408e-07,-4.264556e-08,1.737494e-08,1.0786791e-06,7.9406987e-10,9.090565e-10,2.7579325e-09,1.1649512e-06,-7.1686577e-09,1.6816739e-07,-2.0062225e-09,1.18874e-06,7.936449e-06,-5.6991644e-06,-7.849094e-10,-8.1249084e-08,-7.587936e-09,-4.1198955e-10,2.0265174e-08,3.0166357e-06,-3.3977599e-06,3.950628e-07,1.9142568e-09,1.0056456e-05,2.6237815e-06,6.590198e-10,7.496787e-08,1.6339482e-09,1.729001e-09,-4.381502e-09,-7.919979e-08,-3.2963158e-07,2.0094192e-10,-1.3485252e-05,9.889024e-13,6.3728343e-09,-1.1943894e-08,2.5293015e-10,-1.8626426e-09,1.5081497e-08,-4.0931555e-12,-2.6745383e-08,4.2137688e-07,6.1118993e-10,-1.4811503e-07,-1.4588386e-10,2.141973e-06,-3.6019028e-08,-7.797759e-11,-6.921477e-07,2.793831e-08,-5.080298e-07,-7.1174617e-07,-4.0139528e-07,7.899984e-08,-6.581621e-09,5.144661e-11,-1.8336428e-06,-1.8922088e-07,-5.488764e-07,5.791845e-07,-2.6845408e-05,2.2893978e-06,-4.1529237e-08,1.004377e-08,1.6206848e-06,1.79626e-09,-6.6414174e-10,4.501847e-08,2.660946e-08,-2.0266978e-07,6.760342e-10,1.0216497e-05,3.976104e-06,-2.2184076e-06,-1.1890356e-07,-1.488124e-06,2.1841336e-08,1.2521463e-08,1.611461e-08,-8.077035e-08,9.595737e-08,1.9955665e-07,8.768227e-06,1.7395273e-08,1.5885179e-09,-2.628899e-05,-9.709462e-06,5.036162e-10,2.725342e-09,1.0908177e-10,-4.7983035e-06,3.18231e-11,3.0226496e-05,7.1473343e-09,1.728089e-05,4.2271937e-09,-6.0353195e-06,1.4380362e-10,9.595047e-09,-3.38329e-07,-1.9385748e-06,-2.8530837e-07,2.0221847e-08,3.057233e-08,4.2759902e-09,-3.7869165e-07,-9.216686e-08,2.7079727e-09,2.81298e-09,-1.1475182e-05,8.794091e-06,3.6072223e-08,1.9668618e-09,4.7479096e-09,-6.453502e-11,-2.1186895e-06,-3.2192685e-10,2.3121308e-07,-5.2338333e-07,4.60704e-06,-1.2561476e-07,1.25035616e-11,1.4290376e-06,-2.3232572e-07,1.0727315e-05,1.7589674e-08,-1.895182e-09,-7.7987653e-07,1.2340612e-06
Test: David Garrard,-9.250099e-10,-1.0869377e-06,1.6640224e-05,9.567112e-09,8.783893e-09,1.2025114e-07,9.750036e-09,1.3083892e-08,-1.8522087e-08,1.2182598e-09,-2.292672e-06,3.8239982e-08,-1.1292361e-06,1.03665805e-08,2.7841672e-06,-2.2930367e-07,2.9535134e-09,3.3231007e-08,2.1251134e-07,2.3248285e-08,0.00015221312,4.2685353e-09,-1.7444797e-06,1.6064918e-07,-8.845601e-05,1.8358422e-10,1.6420979e-06,1.3940559e-07,-8.2072695e-09,4.0938317e-05,6.5759465e-09,-5.162908e-10,4.7490715e-08,4.7538006e-08,1.0242252e-06,-1.8391906e-07,1.8554195e-07,-8.848614e-06,1.4177862e-05,-8.885606e-06,1.8204375e-08,1.2730983e-07,2.395262e-07,1.40012535e-08,1.0562784e-07,-9.5385985e-06,-1.3905194e-05,-3.7810805e-06,4.0839336e-09,2.0916393e-06,9.598831e-06,5.565281e-09,-2.6161842e-07,1.6159403e-09,1.4117916e-08,7.3428964e-08,9.851848e-07,-1.5073501e-06,7.1933864e-10,-9.147283e-05,1.1253071e-08,1.4630017e-08,-4.016101e-08,8.272949e-09,1.5067008e-07,1.8471145e-07,3.9038103e-08,6.126693e-07,-2.225753e-06,2.3475287e-08,2.6335724e-07,1.5453638e-07,-6.184642e-06,-2.9350377e-07,2.196815e-08,-4.863784e-06,2.6572335e-08,-5.7931e-06,-5.878918e-06,1.1041771e-05,-4.864274e-07,5.7478108e-08,1.7468089e-09,1.390822e-05,-7.392174e-07,4.7297718e-07,-2.1830554e-06,-2.4272185e-05,-3.8358772e-05,1.0859027e-06,5.9401835e-08,-2.5001898e-06,1.5922722e-09,-5.066957e-07,3.84191e-07,-1.4747341e-07,-7.7746853e-07,1.7382742e-09,4.4204662e-05,-6.6502685e-06,6.538464e-06,-1.7674412e-07,1.3998166e-06,2.7805742e-08,1.15995846e-07,-2.5631536e-08,-8.834366e-07,2.332271e-07,2.654533e-07,0.000112929825,8.322467e-08,5.7035693e-10,7.858525e-06,-5.3458054e-05,5.5958176e-09,2.428766e-08,4.6072977e-09,-4.550702e-05,3.158765e-08,3.0703628e-05,6.185827e-09,3.6337271e-06,1.9788208e-08,-7.166851e-05,5.1931206e-09,2.5892522e-08,3.458469e-06,2.4239562e-06,3.576094e-06,4.9366893e-08,4.051471e-07,6.3074266e-09,7.7229043e-07,-5.6487306e-07,-2.9461694e-08,-8.618655e-09,3.9685925e-05,2.833733e-05,-7.6165456e-08,2.6809486e-08,5.5104796e-09,1.0183628e-08,-6.2086824e-06,6.212914e-08,4.7367914e-07,1.7415188e-06,4.3068034e-05,3.888278e-07,4.2306655e-11,5.2044425e-06,2.6460788e-07,4.533533e-05,-5.688433e-08,3.820134e-05,-1.58094e-05,1.0397334e-06
Test: Stan Humphries,3.277273e-08,-1.4621013e-05,0.00032775008,-6.633079e-07,2.7251554e-07,2.1421317e-06,2.458504e-07,1.2667543e-07,2.5513248e-07,2.2252667e-07,-0.00012032432,1.5666191e-07,-1.25868555e-05,7.02386e-08,3.9700622e-05,-4.5497213e-06,3.89509e-08,4.4305875e-07,-1.0704802e-06,5.439029e-07,0.0011243973,1.1959753e-07,-6.510129e-06,-1.2808198e-06,-0.0018110494,-1.3198077e-08,3.6281384e-05,3.685054e-07,-7.3329204e-07,0.00027706436,1.9794767e-07,1.2093835e-09,5.8235304e-07,1.9061426e-05,1.8865852e-05,-1.3612096e-05,-9.720115e-07,-6.8485155e-05,-4.8550148e-05,0.0004745114,-3.152796e-07,-7.146032e-06,-3.747088e-08,-9.131755e-08,2.1379524e-06,-0.00035769687,2.4241617e-06,-8.430522e-05,6.2641476e-08,-0.0012295895,-0.00018899195,9.277163e-08,-5.1894167e-06,-3.5653812e-07,1.9777056e-07,-6.7867814e-09,3.406005e-06,-2.2490849e-05,4.528631e-09,-0.002041455,1.9465023e-07,1.5405847e-07,2.4343065e-06,2.235651e-07,1.8386922e-06,1.4880801e-05,6.8446997e-07,8.607786e-06,-1.2421257e-05,1.2095748e-07,-3.331528e-05,4.787361e-06,-8.0434045e-05,-1.441408e-06,1.5819391e-07,-0.00027323753,-2.9520563e-06,-7.116371e-05,-3.8908092e-05,0.00030458262,-1.1603528e-05,1.222289e-07,4.1114965e-09,8.010883e-05,-4.179921e-05,6.181827e-05,-1.6747823e-05,0.0014936173,-0.00083490374,7.002189e-06,6.266005e-06,-5.341723e-05,-1.3044454e-08,1.6297348e-05,7.08268e-06,-1.3576985e-06,-5.622261e-06,4.1111843e-08,0.00071599963,0.00036946373,-1.5078335e-05,4.5810034e-06,-0.00018441537,1.1446051e-06,4.015197e-07,1.6297389e-07,-4.9465543e-05,4.676694e-07,2.5705069e-05,0.0005854735,4.654727e-06,-1.14913824e-07,0.0010142457,-0.00076857605,1.1474554e-07,7.277571e-07,5.3293437e-08,-0.00091478263,1.4772925e-07,0.0027385035,1.8712527e-07,-0.001037109,4.203003e-08,-0.0018416734,4.921852e-08,2.4423727e-07,7.574077e-05,-8.810899e-05,9.531116e-05,-1.8580997e-07,8.816758e-06,-3.2921292e-08,4.844828e-05,-1.1704598e-05,8.760716e-08,5.365687e-08,0.0025731958,0.0008845596,-7.1427365e-07,3.106696e-07,-2.1544308e-08,-3.1205328e-08,-8.296079e-05,-1.676465e-09,-1.3323375e-05,-1.5502557e-05,0.0016053464,3.2991175e-05,-7.32734e-11,-1.7723229e-05,1.9827668e-05,-0.0010582026,-5.1662846e-07,-0.00010333398,-0.0003382746,0.00016416209
Test: Bernie Kosar,-9.258384e-08,-2.3952392e-05,7.202361e-05,-7.7952046e-07,8.675907e-09,1.3444153e-06,-2.0285356e-07,-5.454119e-08,-3.127707e-07,-1.6785286e-07,-9.313606e-05,8.905113e-07,2.291504e-06,3.7324668e-08,7.405439e-05,2.8160215e-07,-7.1072236e-08,2.114783e-07,2.2401177e-06,-1.0091299e-07,0.0007016864,-9.89321e-08,-2.3551505e-05,8.907444e-07,-0.00077747664,-8.240681e-08,2.0174557e-05,2.3554294e-06,-6.1776933e-07,0.00035403954,2.69587e-08,-2.2788186e-08,9.933133e-08,3.0517165e-05,2.7429962e-06,-9.231047e-06,-1.1182225e-07,-0.00017624008,-0.00032560268,0.0005323719,8.222036e-08,2.14596e-06,2.491879e-08,1.719666e-07,2.911356e-07,-0.00020236032,9.8212346e-05,-4.3312062e-05,-3.7673214e-08,-0.0009657259,-0.00015819364,1.6347775e-08,-4.6764985e-06,-1.01733015e-07,-4.011195e-09,5.001083e-07,8.102266e-06,1.8870127e-05,2.2137185e-09,-0.00087341596,7.760768e-08,-1.3044252e-07,4.7095537e-07,7.3517334e-08,1.0187287e-06,1.7010778e-06,1.6315275e-07,3.712378e-06,-4.6327827e-05,1.2485968e-07,-2.6578018e-06,2.4601534e-06,-0.00012976384,3.3731033e-06,1.4167476e-07,-0.00013403414,-2.08438e-06,-2.8534143e-05,2.0878304e-05,8.158541e-05,-4.818602e-06,7.276635e-07,3.2022323e-09,0.00011171848,-8.975413e-06,5.3913784e-05,-3.8539867e-05,0.0014433418,-0.00065177033,4.9242913e-06,1.4138119e-06,-0.00011456763,-3.6846636e-08,-5.0391986e-06,-1.5812134e-06,-1.9104243e-06,1.3568952e-05,-7.1239428e-09,-0.00015178452,-0.0005943446,6.424799e-05,1.0796186e-05,2.1226462e-05,-4.2909994e-07,-2.6103123e-07,-7.897403e-07,-3.8864014e-06,-3.1216337e-06,-1.8154931e-05,0.0008285384,4.1646328e-07,-3.1429774e-08,0.0024670952,0.00042075096,2.8087943e-08,1.1856479e-07,2.684634e-08,-7.1877665e-05,1.7408958e-07,-0.0011288689,-2.1007017e-07,-0.00072943355,-1.760097e-07,-0.0005344665,1.4482456e-08,-1.9930248e-07,4.932652e-05,8.563648e-05,4.4513075e-05,-1.0546547e-06,1.660123e-06,-1.7130381e-07,2.515784e-05,-4.4205785e-06,2.7900484e-08,-1.0410499e-07,0.0008932316,-4.7139398e-05,-1.3964992e-06,3.6175237e-07,-1.325795e-07,6.16812e-08,0.000106748426,1.0443256e-06,-3.0371679e-05,4.522792e-05,0.00077481015,1.5543192e-05,-5.545416e-10,-0.00017322102,2.7564916e-05,-0.0005596453,-9.0399726e-07,0.00046882287,-0.00013179974,4.2614134e-05
Test: Matt Cassel,3.0551547e-08,2.483638e-06,7.910251e-06,5.1205996e-07,3.0269394e-08,4.5097824e-08,7.957828e-08,6.8185166e-08,4.3341245e-08,7.926792e-08,1.2327896e-06,-6.061489e-08,-1.4935556e-06,1.6410976e-08,-2.0825766e-05,-6.655764e-08,4.1392784e-08,-8.666893e-10,-7.2130526e-08,1.7113736e-07,3.0753396e-05,4.4477485e-08,2.541617e-06,2.2267752e-08,2.1417383e-05,3.7567027e-08,-1.0221079e-06,2.8607388e-07,2.4543064e-07,-2.0402786e-06,6.7512755e-09,9.286063e-09,4.489129e-08,1.8849752e-05,1.8564308e-06,1.3192971e-06,3.559731e-07,6.2602434e-05,8.6619526e-05,-7.166779e-05,-1.6891144e-08,-1.5746642e-06,1.2167397e-06,7.238632e-09,3.0460828e-07,4.1283944e-05,-5.5002412e-05,1.6065856e-06,2.6103105e-08,0.00014170862,4.067926e-05,1.8458618e-09,3.5219597e-07,3.820702e-08,3.4583934e-08,-1.01330855e-08,-1.2769183e-07,4.951435e-07,2.5904023e-10,-0.00019352378,-2.952166e-10,9.39945e-08,4.2768907e-08,-3.8670653e-09,-1.6472679e-07,1.4969663e-08,9.385217e-08,1.615256e-07,2.1611766e-06,-2.9513858e-09,-2.2354209e-06,1.0946043e-08,9.0944395e-06,-6.4422403e-07,-1.9958408e-09,-2.5956768e-05,4.8176116e-07,-2.5942942e-05,-2.306459e-06,-9.889069e-06,7.9363525e-07,-8.023525e-08,3.0668612e-09,-8.497759e-06,-3.0524416e-06,-6.9210473e-06,2.3894984e-06,-0.0002759977,-1.4583238e-05,1.7269888e-07,-1.3010187e-07,1.7977087e-05,2.3911774e-08,1.3593632e-07,2.1688095e-06,5.0283443e-08,-1.0738355e-06,1.38233895e-08,0.00012755796,-7.717298e-05,4.2853717e-06,-1.7055984e-06,-1.4626215e-06,2.9768373e-07,-2.2842983e-08,3.3013688e-07,-4.1080438e-07,1.6174357e-06,-2.2958632e-06,0.00018773192,3.5612098e-07,2.668957e-08,-8.662894e-05,-0.00032484406,2.5314144e-09,4.9232977e-08,1.7352578e-09,-8.6582346e-05,-6.782626e-09,0.00066386827,8.406027e-08,0.00018893542,5.1486325e-08,-2.9068884e-05,4.975136e-09,1.3762113e-07,6.554957e-06,-1.6605967e-05,-1.4033553e-06,5.630424e-07,9.0556176e-07,1.2243747e-07,-1.8894028e-07,5.4231816e-07,2.2525322e-08,4.930999e-08,-0.00014289074,0.00010093657,2.7759614e-07,6.7499585e-08,5.7113116e-08,-1.2725992e-08,-2.0234718e-05,1.0451584e-07,1.0604052e-05,-3.1379575e-06,-0.00037583776,-5.4313426e-07,1.6245759e-10,7.857035e-06,-4.778113e-07,0.0002148822,1.14101965e-07,0.00012752487,-2.6571126e-05,3.7743677e-05
Test: Eddie LeBaron,2.8130255e-05,0.0075788326,-0.015133042,0.00022725554,1.9262889e-06,-0.00025340845,7.849281e-05,2.2262026e-05,8.630825e-05,4.3818243e-05,0.023508806,-0.0001598383,0.00058828376,-3.5738663e-06,-0.021560369,-0.0001745918,3.0228028e-05,-4.0638155e-05,-0.00061286637,2.5205487e-05,-0.12211288,3.441942e-05,0.006683025,-0.0002936328,0.20556581,2.6762938e-05,-0.0037710832,-0.00044702613,0.00019162799,-0.07523596,-2.9851278e-06,6.8029117e-06,-3.764254e-05,-0.009049353,-0.0012066276,0.0036023937,3.8743572e-05,0.0427994,0.08971363,-0.10412541,-2.1243368e-05,-0.0003253934,-0.00046008508,-2.9349121e-05,3.4775203e-05,0.046808068,-0.0299703,0.012325426,1.750525e-05,0.18073703,0.031216597,-2.6581843e-06,0.0015369707,2.4971336e-05,5.699491e-06,-7.8071804e-05,-0.0012218298,-0.0042645666,6.9398476e-07,0.14990044,-1.289827e-05,4.4066644e-05,-0.00014536038,-1.0703069e-05,-0.00018608387,-2.7542694e-05,-4.2329375e-05,-0.000870092,0.0103657795,-2.0453215e-05,0.0015724039,-0.0004419808,0.044084407,-0.00051808544,-2.7468994e-05,0.013831148,0.00039908208,0.009481951,-0.0018262911,-0.022274163,0.0014413493,-0.0001497623,-1.5458744e-06,-0.022891909,0.0049390234,-0.01066513,0.010522316,-0.33604026,0.15587582,-0.0011666175,-0.00014066948,0.021405032,1.3038013e-05,0.0040628603,0.0001530551,0.0005897073,-0.0036765956,2.589338e-06,0.034265433,0.198356,-0.027323155,-0.0018966139,-0.0111895,0.0001888205,8.072685e-05,0.00017670513,0.00016718722,0.0010126769,0.014144352,-0.18855798,6.775186e-05,3.2405903e-06,-0.51937973,0.024169292,-2.6901267e-07,-4.038278e-06,-4.190366e-06,0.023812642,-2.5167477e-05,0.14485629,6.0837792e-05,0.11397905,4.4365024e-05,0.08891235,-2.9575517e-06,5.785853e-05,-0.020470425,-0.019794708,-0.006699363,0.00025544525,-0.00020046667,4.656578e-05,-0.0047625112,0.0006990048,-1.0256149e-05,2.3953817e-05,-0.18463008,0.016947044,0.00042686216,-0.000106507585,3.9832536e-05,-1.1444255e-05,-0.02789945,-0.00021280737,0.0032129672,-0.012209815,-0.07728945,-0.002965099,1.3306305e-07,0.043544583,-0.00578441,0.09739872,0.0002903211,-0.14255875,0.027191231,-0.014538178
Test: Richard Todd,-9.796503e-08,-1.9410027e-05,-2.7703058e-05,2.5359543e-06,3.314804e-08,2.5998393e-06,-3.9702692e-07,-3.873635e-07,8.4776855e-07,-1.690453e-07,-2.541771e-05,-3.309465e-07,2.9792861e-06,-4.5331443e-08,0.00010796954,6.3831394e-06,-8.796998e-08,1.2956083e-07,4.6947252e-06,1.7061043e-07,-0.00027845358,-2.3512841e-07,5.335907e-06,-4.8964745e-07,-0.00012138336,-1.3466597e-07,-3.7918252e-07,1.2175366e-05,-1.520048e-06,-0.00040398783,5.526586e-08,-8.853442e-09,-2.595555e-07,5.0133785e-05,8.587552e-06,-8.9117275e-06,1.3218763e-06,0.00017429244,-6.554782e-05,0.0001903243,-1.13230776e-07,1.2088945e-05,3.3376969e-06,-2.5409348e-08,6.479268e-07,8.1143335e-05,0.0005938672,-3.477418e-05,-1.3657295e-07,-9.987058e-05,-8.1054386e-05,7.587034e-08,-2.3786079e-06,1.1108337e-07,3.39578e-09,9.823674e-07,-1.8638996e-06,2.3528015e-05,8.0820906e-09,-0.0007775739,1.4583388e-08,-5.8435097e-07,7.691659e-06,5.62174e-08,-2.5532916e-07,1.1946539e-05,8.472029e-07,3.1048862e-06,5.6662746e-05,2.2931115e-07,5.6936738e-06,-2.212273e-07,-6.346427e-05,5.9487547e-06,1.06074616e-07,0.00018195859,6.779124e-07,0.00013333578,0.00011137887,-0.000100228826,5.547309e-07,7.378336e-07,3.4599097e-09,-0.000187301,4.179067e-05,6.372141e-06,6.6941034e-06,0.00030278965,0.00032795614,-1.0787915e-05,1.7642826e-06,0.00017671961,-6.0566336e-08,3.308828e-05,8.397113e-06,7.1900786e-07,1.4917043e-05,4.797435e-08,-0.00050895486,0.0006577426,-2.2303238e-05,7.954381e-06,-5.8079997e-05,1.7902353e-06,-8.625958e-07,6.612369e-07,-1.8762323e-06,-1.1185385e-05,1.9131974e-05,-0.0009681833,3.4447658e-06,6.861469e-08,0.0028263042,-0.0004510316,4.107563e-08,7.2322547e-07,2.3434468e-09,2.0270703e-05,2.0775792e-08,0.0010822006,-4.634467e-07,-0.0006672997,-2.4380315e-08,0.0004910932,1.5358634e-09,-8.4609474e-07,-1.4306308e-05,8.0038946e-05,-1.792047e-05,4.0532083e-07,-1.6446303e-06,4.10851e-07,3.5551246e-05,1.9773499e-05,1.9487384e-06,4.4062614e-07,0.00091600424,-4.0706967e-05,-4.1785876e-07,1.3168726e-06,-3.4396228e-07,-4.3303228e-09,9.277515e-05,6.3724934e-07,2.3255994e-05,-1.9507792e-05,-0.00042928886,3.470982e-06,6.379084e-10,-2.1665312e-05,-7.0242418e-06,-0.0010518773,5.529583e-07,-0.0010006787,0.00016276777,4.766708e-05
Test: Jim Finks,4.5448814e-06,0.0008288367,0.0013993738,4.0860366e-05,2.403759e-06,-2.7495591e-05,1.2186649e-05,4.956694e-06,1.32066025e-05,9.448057e-06,0.002235079,-1.9725441e-05,-5.3730873e-06,2.0983624e-08,-0.0022363851,-4.0133888e-05,4.891845e-06,-1.6695953e-06,-9.416409e-05,7.4078525e-06,-0.00044915336,5.8833425e-06,0.0009050932,-3.9942606e-05,0.014581893,4.5344623e-06,-0.0003793882,-6.130646e-05,2.4256022e-05,-0.0034821506,7.5488015e-07,1.2589352e-06,-7.074649e-07,0.0002864041,-2.6150257e-05,0.00034346763,1.0108438e-05,0.0033340692,0.012527223,-0.011940481,-2.9928012e-06,-0.000100467114,-3.2890293e-05,-4.1573244e-06,2.6171416e-05,0.0050350754,-0.0042976504,0.000989995,2.7840142e-06,0.019468844,0.004474505,7.5940125e-07,0.00016438609,2.003175e-06,1.9394672e-06,-7.81155e-06,-0.00015506943,-0.0006312029,2.1185524e-07,-0.014867845,-8.484269e-07,8.198715e-06,-1.2508819e-05,-2.9064847e-07,-1.4373424e-05,4.335388e-05,-2.0814866e-06,-6.4539796e-05,0.0011296306,-5.2901146e-07,-6.352005e-05,-2.844443e-05,0.005462888,-7.7806464e-05,-1.2355448e-06,0.0006812716,5.0459294e-05,0.00048514642,-0.0009173298,-0.0012248169,0.00015131985,-1.4567036e-05,-9.452985e-08,-0.0035329922,0.00024499235,-0.0012769504,0.0013720013,-0.049605895,0.011273427,-0.00016328393,1.3638072e-05,0.0029473682,2.2448128e-06,0.00036336842,5.2455078e-05,6.4576154e-05,-0.00045584646,7.9757535e-07,0.012848698,0.028191263,-0.004031917,-0.00026638378,-0.002339514,2.887591e-05,2.199331e-05,2.2296292e-05,-0.000113675254,0.00014626226,0.0014000626,-0.0062716072,2.7936121e-05,1.4469681e-06,-0.07533754,-0.008950098,2.7401134e-07,4.376462e-06,-8.121313e-08,-0.0050567146,-1.0636588e-06,0.04661526,9.625613e-06,0.02196458,7.047513e-06,-0.0027595581,-1.6883769e-07,1.200247e-05,-0.0017278284,-0.0030429005,-0.00060468214,3.7144273e-05,2.437797e-05,6.886228e-06,-0.00055036385,-5.145465e-05,2.2649722e-06,4.3134437e-06,-0.014834969,0.012604887,5.9268e-05,-6.425088e-06,5.7353386e-06,-8.8160994e-07,-0.0034239397,-1.6325801e-05,0.0005857596,-0.0014089593,0.0045616506,-0.0003205566,2.1290083e-08,0.0061640902,-0.0006823152,0.014361288,3.654688e-05,-0.021005893,0.000907885,-0.00034082378
Test: Jay Fiedler,2.7780631e-08,2.8250827e-06,6.5081345e-05,2.5058577e-07,6.501233e-08,4.5539787e-07,1.0515979e-07,4.903751e-08,9.490021e-08,6.343623e-08,-2.4654996e-06,-1.0111851e-07,-2.2200963e-06,2.8191756e-08,-1.1104295e-05,-1.0812066e-06,3.307144e-08,9.773698e-08,-4.6639943e-07,1.9172587e-07,0.00019921092,5.3144422e-08,1.4281832e-06,-1.9350242e-07,-0.00027488335,2.1374012e-08,3.3239314e-06,-6.2365814e-07,2.0471461e-08,6.988694e-05,3.5671793e-08,5.8917493e-09,1.6523771e-07,4.7970707e-07,4.4759627e-06,7.924249e-07,8.150882e-08,2.3940745e-05,0.00015591159,-5.423911e-05,7.044593e-09,-6.5306307e-07,1.3023141e-07,8.178931e-09,5.796826e-07,-1.3084134e-05,-5.9284543e-05,-9.637346e-06,2.4275087e-08,6.889548e-05,4.9787468e-05,2.2050285e-08,-5.1626376e-08,-8.288268e-09,5.8176862e-08,-8.957093e-09,5.740495e-07,-1.2822953e-05,4.195513e-09,-0.0002394059,3.090516e-08,7.279312e-08,3.5044724e-07,2.761723e-08,2.8919825e-07,2.6678545e-06,1.040328e-07,9.7391e-07,6.8056065e-06,6.893982e-08,-1.0441154e-06,3.7195406e-07,7.770983e-06,-1.5003278e-06,2.9549613e-08,-1.3417821e-05,1.7151012e-07,-1.8616032e-05,-1.5071296e-05,4.8197166e-05,-1.406261e-06,-6.871903e-08,3.5225105e-09,2.1977108e-07,-2.091356e-06,-3.798767e-06,2.408576e-06,-0.00048741512,-4.544362e-05,2.3206326e-06,7.9932687e-07,1.2720729e-05,1.34145e-08,2.4322835e-06,2.353697e-06,-1.1509148e-08,-5.1426427e-06,1.4824462e-08,0.0001676712,0.0002157278,-2.0872203e-05,-2.1600604e-06,-3.9550432e-05,5.1821473e-07,2.916898e-07,2.6266542e-07,-8.488574e-06,1.0582198e-06,1.668512e-05,0.0003370788,7.3789374e-07,9.180425e-09,-0.00032551278,-0.00017194427,2.616958e-08,1.4224112e-07,9.513989e-09,-0.00020176148,5.45042e-08,0.00073482504,9.3833016e-08,0.00019680511,8.1744766e-08,-0.000313211,1.5545096e-08,1.1857415e-07,1.4362126e-05,-2.5381909e-05,7.1094964e-06,4.3360882e-07,1.695649e-06,8.9818535e-08,-2.3275074e-06,-1.2349924e-06,-2.6934707e-08,3.3750396e-08,0.00018085063,0.00021160003,1.3907221e-07,1.770602e-08,5.0947158e-08,1.1506367e-08,-5.846789e-05,-7.71172e-08,1.1314285e-06,9.238793e-07,6.691158e-05,1.560399e-06,1.9941326e-10,4.439098e-05,-1.7383097e-06,9.440095e-05,7.1274926e-08,-9.576299e-05,-4.992391e-05,1.0454837e-05
Test: Jay Schroeder,2.7535618e-08,4.149737e-07,1.824956e-05,4.0418908e-07,1.8617353e-08,3.8584508e-07,1.1112805e-07,-2.2328814e-08,1.790667e-07,4.2381068e-09,1.8214217e-06,-1.303945e-07,3.0258655e-06,4.5862674e-09,2.8543067e-05,5.791981e-07,1.2775175e-08,3.2758916e-08,-1.2925633e-06,1.5169775e-07,-6.95756e-05,3.4571073e-08,-2.9029195e-06,-5.189727e-07,-0.00022095737,2.9261665e-08,3.4553982e-06,1.0381702e-06,-2.5210767e-08,-7.5012475e-05,2.4312351e-08,6.2830066e-09,7.197321e-08,-2.485283e-05,1.3427899e-07,4.9013573e-07,-8.8546095e-08,8.670952e-06,2.041977e-05,0.00015376568,6.6742816e-09,-1.7626046e-06,-8.501895e-07,5.8906636e-08,1.7420003e-07,3.051918e-05,5.0021135e-05,-6.667001e-07,1.4253222e-08,-1.3475396e-05,-2.3812003e-05,9.161115e-09,7.5893513e-07,-1.6800182e-09,3.474049e-08,-5.8483042e-08,-1.6297801e-06,-1.1819185e-07,2.9033118e-09,-9.821102e-06,1.9637431e-08,1.2922045e-08,9.669657e-07,2.657729e-09,-1.0009524e-07,2.610096e-06,4.439421e-08,-3.8262777e-07,-4.5716956e-06,1.7054207e-08,4.8171164e-06,5.7501796e-07,1.764455e-05,2.3558412e-06,2.9831664e-08,3.9203882e-05,-4.6077684e-08,-1.9098867e-05,2.6858688e-05,3.4714398e-05,-1.3492347e-06,-1.3873237e-07,-2.1290245e-09,-1.9593928e-05,7.234491e-06,-4.4168855e-06,4.2928223e-06,-0.0003274627,0.0001566242,-2.9793957e-06,3.0190818e-06,1.3973707e-05,-4.21477e-09,1.176808e-05,1.2489688e-06,3.9824837e-07,-5.6852974e-07,7.82449e-09,1.3676811e-05,0.0002979494,-3.269169e-05,2.3031118e-06,-5.2163987e-06,9.269456e-07,1.0230934e-07,3.2852327e-07,-7.014785e-06,-1.3223532e-06,1.3831327e-05,0.000260705,9.937467e-07,-3.7665632e-08,-0.00023975241,0.00038676846,-8.421166e-09,1.5836643e-07,-4.6364583e-09,-0.00020288581,3.031676e-08,0.000317955,3.3305344e-08,0.00021621899,3.183413e-08,-0.00013522175,-1.6645249e-10,2.5644095e-08,8.972007e-06,-2.3165261e-05,2.5390202e-06,-3.1390664e-07,7.1305374e-07,1.8398005e-07,-4.08834e-06,4.1796397e-06,2.2746468e-07,6.4239664e-08,0.00039171037,0.00014776744,3.0572764e-07,5.9033752e-08,4.6505182e-08,-9.9260635e-09,3.1596785e-05,9.282766e-08,4.68852e-06,2.9390997e-06,2.733526e-05,1.4086169e-06,8.1511554e-11,3.1005315e-05,2.3957775e-06,-0.00015114779,-9.986561e-09,-0.00016734359,-3.054499e-05,-8.165832e-06
Test: Jeff Garcia,-6.043832e-06,-0.0016343243,0.007865868,-0.000111396075,8.547518e-07,-2.0019825e-06,-1.2379096e-05,6.1625597e-06,-5.0963445e-05,-1.8843289e-06,-0.0044110655,4.583627e-05,-0.00074855663,1.3970214e-06,0.004973396,-6.2755666e-05,-8.327972e-06,1.672562e-05,0.0002264752,1.06782e-06,0.03378793,-3.5791281e-06,-0.0019880545,0.00013103502,-0.055784643,-6.067424e-06,0.0020079752,-4.9826795e-05,-2.2355787e-05,0.022639068,1.8827825e-06,-2.1194394e-06,3.6357662e-05,-0.0033626307,0.0014912155,-0.0009040668,-0.00011543408,-0.015486484,-0.06473902,0.03026464,5.333016e-06,-0.0002118034,0.000354545,-3.3489933e-08,-2.292495e-06,-0.02784857,-0.0029321583,-0.002822259,-2.5477825e-06,-0.06171188,-0.010456427,5.281916e-07,-0.0004132725,-1.7928467e-05,1.6226181e-06,5.9467556e-07,0.0005143216,0.0004375813,-8.9141105e-07,-0.11481956,6.2155423e-06,5.264142e-06,-3.8295653e-05,4.6153827e-06,8.5257205e-05,-5.5756813e-05,4.2995816e-06,0.00051823724,-0.004243335,-4.1862157e-07,-0.0014210182,0.00025115343,-0.010729176,-3.1177333e-05,1.0310093e-05,-0.00038345577,-0.00014633563,-0.0069533857,-0.0032342027,0.020329082,-0.0005081067,3.6890542e-05,5.775922e-07,0.017797705,-0.0033667565,0.00535385,-0.0024231325,0.1653743,-0.034353297,0.0010729358,4.2045845e-05,-0.010616426,-2.444808e-06,-0.0021975788,0.00015603653,-0.00019838601,0.0012659229,-2.0784958e-06,0.017825805,-0.034890994,0.01983811,0.00026353373,0.005302705,-0.00014674426,6.301427e-05,-7.487203e-05,-0.0009016553,0.000116147625,-0.0064578555,0.049787197,-5.5544242e-05,-4.6832256e-06,-0.114911824,-0.045501575,-7.110987e-07,-2.0840278e-05,1.5166823e-06,-0.013644557,4.1713047e-06,0.057374902,-2.5832992e-06,-0.06745333,-1.2787641e-05,-0.047947157,1.7527105e-06,1.994536e-05,0.012840118,0.0039901175,0.0043636556,-7.602814e-05,0.0002967582,-2.8160412e-05,0.0029092634,-0.00057677703,-5.4348326e-05,-1.8467194e-05,0.14694391,0.007680061,-0.00012767226,-3.1487747e-05,-1.7333938e-06,1.2145172e-06,0.005104953,8.114955e-05,0.0010463274,0.0030402043,0.021929847,0.001427507,-5.239658e-08,-0.0001391289,0.0027692267,-0.0011089835,-0.00010618865,0.045024946,-0.015834235,0.0041271104
Test: Steve DeBerg,-3.8554248e-07,-6.7077046e-05,-0.00029595598,8.877523e-06,-1.4697657e-07,-1.9838518e-07,-1.8181192e-06,-2.7832087e-07,-1.6510954e-06,-2.9759838e-07,-3.5642537e-05,2.4787178e-06,1.7482094e-05,-1.6935496e-07,0.00013770706,2.5585208e-05,-5.4507376e-07,2.3082065e-07,2.5607247e-05,-6.604626e-07,-0.0043665287,-5.7941907e-07,-2.0657075e-05,1.2459339e-05,0.0024215435,-3.3604698e-07,3.82723e-05,1.2944605e-05,2.1736173e-07,0.00013946484,-2.3371658e-07,-7.656761e-08,4.7418143e-07,0.00015499903,4.537684e-05,-5.575621e-05,-3.6997108e-06,-0.00033008875,-0.0029285124,-4.01899e-05,9.224238e-07,2.9666826e-05,3.2489494e-05,1.1542659e-07,-2.9170071e-06,-4.297029e-05,0.0007824562,4.0557046e-05,-3.3713602e-07,-0.0003000608,-0.00026401653,3.0313153e-08,-1.5920577e-05,-3.977306e-08,-3.9319272e-07,4.3325275e-07,8.622344e-06,0.00019792674,-6.3083583e-09,-0.0025088685,-2.4697718e-07,-5.422167e-07,9.7617e-06,-4.341171e-08,1.0136308e-07,-2.5665373e-05,4.6060467e-07,7.7463e-06,-5.2099953e-05,1.1781243e-07,-5.2758154e-05,2.8608517e-06,-0.00059389224,1.3893942e-05,2.525613e-07,0.00037765407,2.9073212e-06,0.00019139555,0.00013162971,5.9790058e-05,9.881414e-06,3.3038841e-06,3.6486785e-08,0.0004079223,-0.00010923094,0.00017819816,-0.00010065132,0.008660515,-0.00044275954,3.1653475e-05,-5.574089e-06,7.631131e-05,-1.18326284e-07,-0.00010910218,-3.9263086e-06,-5.181001e-06,0.00016822957,-8.16518e-08,0.00023280509,-0.005075239,0.001161553,7.21399e-06,0.000698173,-8.294593e-06,1.8171528e-07,-2.1337228e-06,8.3925515e-05,-4.4115186e-06,-0.00035639925,-0.0034208696,-9.825098e-06,4.811576e-07,0.0036674293,-0.0034907258,-1.403908e-07,-1.3299872e-06,1.1966417e-08,0.0026162576,-2.88624e-07,0.00068786595,-6.716695e-07,-0.0028723218,-8.089761e-07,0.0027661787,-3.5226176e-08,-6.748006e-07,0.00043597544,0.00044705483,-3.804888e-05,-2.015366e-06,-2.0833809e-06,-7.558158e-07,0.00016913841,3.8349943e-05,1.1375937e-06,-2.3291756e-07,-0.00059258955,-0.0006765087,-4.2804822e-06,2.6533655e-06,-5.467919e-07,2.9355556e-07,0.00059644296,6.418665e-06,9.9844394e-05,0.00011338426,-0.0021759274,2.1840586e-05,-1.1424288e-09,-0.00074904703,0.00010609192,0.0011930006,-2.8664626e-06,0.0034737806,0.0005844187,0.00044844727
Test: Roger Staubach,1.3987221e-05,0.0019226765,0.0017508088,0.00031006846,1.0819353e-05,-0.0002547278,3.1277552e-05,2.4172105e-05,1.6847178e-05,3.6082314e-05,0.0076356893,-3.0077672e-05,0.00020499142,2.7856734e-06,-0.01857932,0.00014731297,1.7570388e-05,1.5005622e-06,0.00010155498,3.4713965e-05,0.0063317358,1.794051e-05,0.0026615884,0.000103660124,0.08243619,1.5902287e-05,-0.0014914192,-0.00027934136,0.0001203249,-0.011965596,2.6753028e-06,4.1768944e-06,2.0903522e-05,0.0024627473,0.0006039897,0.00059257116,2.6490274e-05,0.01846836,0.061333407,-0.09288769,1.6049698e-05,0.00039753987,0.0002037968,-2.9978164e-06,8.8164335e-05,0.028984241,-0.039905228,0.004011757,1.1589918e-05,0.15599346,0.03208934,5.678639e-06,0.00037046178,1.0506958e-05,9.186513e-06,3.1469797e-05,-0.00014061993,-0.00050459726,1.6619925e-06,-0.14581476,-4.1276053e-06,3.4989054e-05,0.00012292303,1.5084655e-06,-5.9748174e-05,-0.00033827507,1.6443202e-05,-9.4476694e-05,0.0024454105,1.7169035e-05,-0.0007843306,-0.00019469042,0.009940253,-0.00056436396,8.797747e-06,-0.0048567955,0.00041954708,0.0046844576,-0.008335296,-0.00999783,0.00071464514,9.349243e-06,8.071826e-07,-0.011920174,0.00043326773,-0.0051533305,0.0024070546,-0.1786257,0.023775086,0.0005045137,-8.985627e-05,0.019490685,8.785339e-06,-0.0007435354,0.00026970453,0.0001545094,0.00012772744,4.445667e-06,0.10214967,-4.0204413e-06,-0.0014525886,-0.0016555935,-0.0019700127,7.850144e-05,0.00013618146,8.931653e-05,0.0011734313,0.0006307702,0.0026142632,-0.070456736,-3.8291553e-05,1.9518147e-05,-0.03523757,-0.10982716,3.632102e-06,3.1086643e-06,2.623625e-06,0.03315798,-1.3823763e-05,0.32069573,3.5483423e-05,0.06601492,3.1210955e-05,0.035806585,1.2246303e-06,4.2597887e-05,-0.0061359433,-0.008198852,-0.0025181267,0.00016816567,5.4787895e-05,2.0833379e-05,0.00023231505,0.00024559797,1.9780577e-05,1.3460518e-05,-0.22503924,0.067163005,0.00016587213,-4.9703763e-06,1.7447024e-05,5.1008315e-06,-0.026999397,-3.4069653e-05,0.003971732,-0.0039787046,-0.041988205,-0.0011586732,1.06012145e-07,0.0022324529,-0.003195001,0.14905757,9.37275e-05,-0.010881465,0.011011103,0.003657237
Test: Kordell Stewart,1.1038544e-08,7.031479e-07,1.2563711e-05,1.5173534e-07,1.8915193e-08,9.775806e-08,2.4372179e-08,1.1232764e-08,3.931126e-08,2.748848e-08,-1.0127783e-06,-1.18697825e-08,2.8283856e-07,3.8205736e-09,-2.4702274e-06,-5.5887637e-09,1.284852e-08,1.4606671e-08,-1.1083036e-07,3.9627743e-08,-4.550174e-06,1.5619133e-08,1.4549682e-06,-6.13597e-08,-3.1335483e-05,1.1155271e-08,2.6463977e-07,-5.5097097e-08,2.9678715e-08,1.37394945e-05,6.4816246e-09,3.7886423e-09,2.455313e-08,9.350945e-06,3.8975432e-07,1.9808187e-08,1.447776e-08,4.079455e-06,3.37535e-05,-9.677667e-06,-3.0678633e-09,-3.2323706e-07,8.7257604e-08,6.603561e-09,1.474595e-07,1.4091047e-05,-7.1264235e-06,-1.3183395e-06,5.783046e-09,5.0908825e-06,9.353117e-06,6.354885e-09,6.1850066e-08,7.626479e-09,1.3528006e-08,-1.5694265e-08,-2.4147786e-07,-5.13741e-07,1.6378469e-09,-0.000109884466,1.8398552e-09,1.7536225e-08,2.089144e-08,4.531106e-09,2.3241283e-08,3.4540528e-07,1.905119e-08,-3.6993448e-09,2.225067e-06,9.971013e-09,-1.1094187e-06,9.560599e-08,3.026547e-06,2.6666509e-08,3.7754044e-09,-4.562683e-06,1.15583084e-07,-3.5509172e-06,-1.0589239e-06,3.023672e-06,7.276074e-08,-1.7269647e-08,8.606e-10,-8.62244e-06,-1.9248935e-06,-1.1589881e-06,1.5486611e-06,-0.00011856439,-1.5823192e-05,-1.6084726e-07,1.4378321e-07,5.996768e-06,6.471441e-09,2.5592442e-07,3.9819687e-07,6.19087e-08,-2.1787551e-07,4.986536e-09,4.1674266e-05,-1.0694035e-05,-1.0800793e-05,-3.37888e-07,-6.901365e-06,1.504278e-07,3.46576e-08,8.576874e-08,-8.7596493e-07,1.6187848e-07,6.203896e-07,8.7192035e-05,1.803047e-07,1.20222206e-08,2.8445267e-05,-4.7224323e-05,5.0540874e-09,4.2365755e-08,1.8032114e-09,-3.0391733e-05,8.98292e-09,0.00017868137,2.6868673e-08,8.603049e-05,1.5917514e-08,-4.107173e-05,2.1361537e-09,2.7317157e-08,2.6124007e-06,-6.644522e-06,-2.971435e-07,9.431844e-08,3.635385e-07,3.18349e-08,-1.1400746e-06,-3.132921e-07,6.085314e-08,2.3564175e-08,-2.5059831e-05,4.96513e-05,1.189036e-07,8.66813e-08,1.3555367e-08,2.5738962e-09,-6.0533866e-06,6.354921e-08,6.750813e-07,-6.693868e-07,3.6327798e-05,-2.8397077e-08,5.1770026e-11,5.696686e-07,-4.1456527e-08,3.346016e-05,5.7729896e-08,3.976066e-06,-5.6703034e-06,1.1543183e-05
Test: Jack Kemp,-1.853097e-05,0.0023845765,-0.1731155,2.9073195e-05,2.8550448e-06,0.00096543273,-0.00011827477,-0.0002101323,0.0005848847,-9.481993e-05,0.03877812,-0.00036761264,0.007262455,-5.8477803e-05,0.013809029,0.0013915703,-7.304213e-05,-8.5491214e-05,-0.0019903868,-0.00014948683,-1.1711293,-6.2382336e-05,0.01282229,-0.0013030824,0.2797184,-5.614517e-05,-0.007661311,0.002104325,-0.0005890202,-0.47732383,-1.5863665e-05,-2.6028467e-06,-0.0001226883,-0.06185337,-0.0072183236,-0.002594731,0.0014166317,0.13134648,-0.04998837,0.06716017,-0.00019098396,0.00014139086,-0.0018850473,-4.1801773e-05,-0.00079320103,0.12892893,0.15138508,0.007972593,-5.5568253e-05,-0.028739452,-0.03991773,7.384378e-06,0.0011486455,7.3358126e-05,-2.6934758e-05,-0.00014298537,-0.005516135,0.007245824,1.5932034e-07,0.7986005,-6.5567794e-05,-0.00026225607,9.27706e-05,-4.380019e-05,-0.00076042354,0.00178536,1.9252946e-05,-0.002473259,0.03461945,-0.00010837879,0.010363495,-0.0010935022,0.04775304,0.0029257957,-0.000116586736,0.13691406,0.00031424104,0.11246735,0.03941754,-0.0647773,0.0005911058,-0.00031488345,-5.8519613e-06,-0.10000699,0.02829062,-0.01839917,0.017915709,-0.6485591,0.40572852,-0.010473511,0.0009817685,0.039896887,-4.8547634e-05,0.032123204,-0.0011359688,0.0012864278,-0.0018626392,-3.439706e-06,-0.46972677,0.41157055,-0.11347741,0.0023469815,-0.0025097653,0.0008351684,-0.000730921,0.00025168495,0.014911481,-0.0051713055,0.039160073,-1.3336307,0.00083772186,-6.408936e-05,0.7235324,1.0573028,-1.6050422e-05,0.00023991012,-2.4136949e-05,0.34934095,-4.451231e-05,-0.7807738,-0.000113164104,-0.18484809,-3.048944e-05,0.9364969,-1.940674e-05,-0.00042471068,-0.074296616,0.009657281,-0.02104478,0.00036133453,-0.0018600996,0.00010240604,-0.008734999,0.0061067333,0.0006398347,0.0001640383,-0.17595246,-0.42737654,0.00030433174,0.00035168277,-0.00013965146,-4.1572617e-05,0.05659996,-0.00040868425,-0.0004960617,-0.020338187,-0.20343725,-0.0075574666,-4.3244643e-08,0.04904164,-0.012114313,-0.24059826,0.00043247547,-0.9671175,0.23653397,-0.07362338
Test: Eric Hipple,4.0354657e-09,5.5194863e-07,9.21829e-06,8.2143124e-08,8.593587e-09,1.2229418e-07,1.2526607e-08,-3.5949674e-09,3.7235157e-08,3.3671588e-09,2.4657686e-06,-2.1394065e-08,1.8053358e-07,3.859903e-09,-4.05252e-07,-5.2417963e-08,3.7974757e-09,1.728937e-08,5.8114523e-08,1.668591e-08,4.6092584e-05,4.599771e-09,4.260301e-07,-4.0879236e-08,-3.4028e-05,3.2649055e-09,-1.3597446e-07,5.7283522e-08,-2.1558261e-08,1.0467715e-05,4.939379e-09,1.2273593e-09,2.6547264e-08,1.9118897e-06,2.6625094e-07,3.317189e-07,1.1200037e-07,2.8315803e-06,3.790819e-05,-2.3975286e-05,6.4981776e-09,3.267305e-07,-5.7220383e-08,6.9311117e-09,1.0039865e-07,8.61577e-06,-1.8187815e-06,-1.4045179e-06,1.243671e-10,4.008411e-05,1.43251245e-05,6.33387e-09,7.653701e-08,1.1895646e-08,8.965927e-09,4.582241e-08,3.7584964e-08,-2.299114e-06,1.4152527e-09,-1.8269444e-05,3.7721244e-09,-3.3702992e-09,4.6149747e-08,3.6197205e-09,6.354111e-08,3.7646493e-07,2.512662e-08,1.056505e-07,2.8721015e-06,1.9434827e-08,7.942322e-07,-2.0909041e-09,2.86803e-06,-1.1944876e-07,9.020339e-09,7.364325e-06,1.3467277e-07,3.26266e-06,-2.1613496e-06,1.4154238e-06,-8.6109075e-08,2.0571331e-08,9.404757e-10,-6.7232622e-06,1.7059295e-06,-2.4025342e-06,1.03282e-06,-0.00015491385,1.7214006e-05,1.1491707e-07,5.793891e-08,7.3284364e-06,1.4572752e-09,1.229705e-06,4.175335e-07,5.359568e-08,-1.0468813e-06,3.2150569e-09,2.5177433e-05,5.6918598e-05,-1.1043398e-05,-3.736297e-07,-6.5421614e-06,1.4741589e-07,8.305996e-08,5.4156597e-08,-3.9315069e-07,-1.5841051e-07,3.5618689e-06,2.9004523e-05,1.2505235e-07,4.270596e-09,-2.2183258e-05,-1.3897686e-05,5.4230265e-09,3.6064876e-08,1.7384347e-09,-2.4854962e-05,1.7052407e-08,4.4521305e-05,5.5947034e-09,6.42288e-05,2.1841366e-08,-2.3069655e-05,2.948769e-09,-2.802002e-09,-2.6406676e-06,-1.5230875e-06,-1.1282775e-06,4.9441336e-08,9.9680896e-08,2.1391829e-08,-1.4570198e-06,2.9486534e-08,4.1215046e-08,1.3166955e-08,-2.033019e-05,2.131054e-05,5.2685813e-08,4.1755968e-08,4.127259e-09,6.404007e-09,-6.2887243e-06,8.326135e-09,-1.7205588e-07,-1.1500094e-06,3.2982018e-05,-7.511543e-07,7.099757e-11,9.563853e-06,-1.4402226e-06,3.1867974e-05,4.0540638e-08,-4.467372e-05,2.2164397e-06,-3.1691748e-06
Test: Drew Brees,2.149621e-07,3.9128234e-05,0.00017042976,2.592995e-06,2.044537e-07,5.720066e-07,6.117501e-07,1.3052686e-07,9.153247e-07,3.2538097e-07,0.00012042379,-1.2712336e-06,1.334739e-06,7.378721e-08,-0.00010187242,-2.6857397e-06,2.1191792e-07,1.2034636e-07,-3.5147664e-06,5.217879e-07,0.00053864095,2.778541e-07,3.3718734e-05,-2.384569e-06,-2.4635496e-05,2.0179489e-07,-1.940899e-05,-2.298538e-06,4.9507764e-07,1.7042532e-05,8.516708e-08,5.8228295e-08,3.9266678e-07,3.727943e-05,-1.6464588e-06,1.8545956e-05,1.9837162e-06,0.00023236057,0.0012551381,-0.00097100734,2.4253413e-08,4.912627e-07,-2.9674661e-06,-7.924158e-08,2.3690316e-06,0.0003536537,-0.00023950601,1.9875233e-05,9.955795e-08,0.0016875431,0.00043650833,1.0109022e-07,7.0616848e-06,2.7367952e-07,1.7595318e-07,1.2306243e-07,-6.34107e-06,-7.21103e-05,2.90971e-08,0.00028026113,2.159994e-08,2.4420373e-07,-1.3869713e-06,2.3982624e-08,2.86434e-07,6.128416e-06,2.3204525e-07,-2.1326462e-06,8.41127e-05,2.629358e-07,1.4827026e-05,-1.6817864e-06,0.00021323036,-5.4612897e-06,4.2574605e-08,0.00011668542,4.314041e-06,5.8817786e-05,-6.0126647e-05,-5.0209794e-05,3.6940298e-06,-4.851598e-07,1.0493848e-08,-0.0002510814,3.1956726e-05,-0.00010314684,5.6993555e-05,-0.0048045744,0.0006878778,-5.838317e-06,1.2367601e-06,0.00022029376,9.7855555e-08,3.0644915e-05,8.017634e-06,2.8692907e-06,-4.2202624e-05,7.2267454e-08,0.00089637336,0.0018612766,-0.00035111824,-1.7473367e-05,-0.00019602569,3.4113461e-06,1.7737505e-06,1.7664386e-06,-8.778413e-06,2.7005399e-06,0.00011772248,0.00065346103,2.6360813e-06,1.00492954e-07,-0.0029730906,-0.00045805634,8.45899e-08,6.336991e-07,1.237408e-08,-0.0005028497,2.164733e-07,0.0019242734,4.3151655e-07,0.0020920136,6.794157e-07,-0.00036625355,3.7234415e-08,4.0020552e-07,-0.00012880134,-0.00016196168,-5.2021736e-05,2.80797e-06,1.5937269e-06,6.1952613e-07,-5.4558917e-05,-2.3936511e-06,4.8098616e-07,3.3024563e-07,-0.0011117312,0.0006701535,2.7509543e-06,1.249282e-07,2.953676e-07,6.9888266e-08,-0.00026477227,-9.1913097e-07,1.1423582e-05,-7.6646924e-05,0.00026837358,-2.9402436e-05,2.1059576e-09,0.00036558602,-5.1620216e-05,0.0011206234,1.7544029e-06,-0.0012278428,6.949694e-05,-8.6612534e-05
Test: Mike Tomczak,4.557844e-08,7.5250928e-06,5.9642367e-05,7.715176e-07,1.07950015e-07,5.7293045e-07,1.1767818e-07,-3.1206315e-10,2.6398428e-07,6.8519974e-08,1.3068374e-05,-2.7060082e-07,3.1579577e-06,8.101325e-09,-2.5283218e-05,-1.5205234e-07,1.6025703e-08,8.914974e-08,-1.1911246e-06,2.3781676e-07,-0.0005613236,7.440578e-08,7.4014115e-06,-7.252939e-07,-0.00021152203,2.7235323e-08,1.3276327e-06,-2.11353e-06,-1.3506348e-08,-2.7799293e-05,3.5421525e-08,9.720189e-09,2.2678854e-07,-4.757705e-06,3.9949946e-06,-5.297243e-08,-5.698545e-07,6.233956e-05,0.00022274844,-7.705467e-05,2.2661398e-08,-5.519668e-07,-9.864292e-07,3.9288537e-09,7.0183825e-07,4.135656e-05,-3.7039164e-05,-5.4455036e-06,1.5817099e-08,6.194937e-05,6.3684376e-05,2.8110195e-08,5.015511e-07,-1.707151e-08,5.404147e-08,-3.144227e-07,-2.371161e-06,-1.3710342e-05,9.691705e-09,0.00015494246,7.791681e-09,3.590416e-08,5.9073204e-07,1.7249949e-08,1.2461692e-07,3.496166e-06,1.1130601e-08,-9.954941e-07,2.2909735e-05,5.6076505e-08,-1.056071e-06,1.3657723e-07,2.7433414e-05,-4.538495e-07,-1.5423865e-08,1.7213835e-05,4.4517242e-07,7.6353435e-06,1.1679915e-06,7.5465636e-05,-1.1717549e-06,-2.5676843e-07,1.3335558e-09,-5.1376777e-05,-3.7305801e-06,-6.9983744e-06,9.548967e-06,-0.0008709279,5.8568596e-05,1.2594244e-06,1.9177116e-06,2.5931911e-05,6.9004207e-09,6.962593e-06,2.2605116e-06,5.6652374e-07,-2.6948685e-06,1.8687874e-08,0.00017616054,0.000431151,-6.962895e-05,-3.9113397e-06,-5.2137417e-05,9.3298064e-07,3.3866144e-07,5.627209e-07,-1.0526039e-05,-1.2234035e-07,3.8303053e-05,0.00026579917,8.096652e-07,2.7646024e-08,-0.0003612094,9.949651e-05,3.045749e-08,1.8915222e-07,1.4107822e-09,-9.2182905e-05,9.459117e-09,0.0009521054,1.3990923e-07,0.0004046235,7.5883634e-08,-0.0001902113,1.04518065e-08,6.193779e-08,2.1336993e-05,-4.1768555e-05,-3.9636484e-06,6.543087e-07,1.7276948e-06,1.6307195e-07,-5.92148e-06,8.7794524e-07,1.6239686e-07,9.045285e-08,-2.1243368e-05,0.00029026772,4.4915794e-07,1.4662602e-07,5.3561376e-08,1.030798e-08,-6.824419e-05,-1.2596408e-07,-2.1914998e-06,1.1491372e-06,8.917172e-05,3.4683293e-07,2.246153e-10,5.4401953e-05,-1.98744e-06,4.257123e-05,2.4056433e-07,-0.00035925567,2.2604007e-07,-2.9403984e-06
Test: Gary Hogeboom,3.319764e-08,5.6060703e-06,5.021781e-05,8.0207025e-07,5.3684428e-08,2.6739832e-07,1.1534336e-07,2.4524462e-08,1.4284666e-07,5.0483017e-08,1.3129634e-05,-1.4808228e-07,-3.1314766e-09,2.9375999e-08,-2.2077716e-05,-6.5598203e-07,4.0605684e-08,6.9152186e-08,-2.3775556e-07,1.4098222e-07,0.00020480038,4.7926168e-08,4.157353e-06,-2.5278436e-07,-0.0001107648,3.0874453e-08,-5.9083806e-07,-6.0611177e-07,5.3780234e-08,4.19914e-05,2.6298915e-08,8.076807e-09,1.0936405e-07,3.4455215e-07,2.00831e-06,2.9587027e-06,7.954292e-08,4.0230265e-05,0.00024538528,-0.00016037801,4.082192e-08,1.4986207e-06,-6.4695934e-07,1.5697408e-08,5.6202947e-07,3.752685e-05,-6.0093662e-05,-2.955859e-06,2.0907665e-08,0.00023392959,8.4448155e-05,2.7720846e-08,8.06113e-07,1.2544462e-08,4.419089e-08,1.3063352e-07,5.493193e-07,-1.3501967e-05,8.207332e-09,-0.00014778491,1.7711432e-08,4.332015e-08,1.4901873e-07,2.0313722e-08,2.2816026e-07,1.8915998e-06,8.275542e-08,1.8759123e-07,1.2085273e-05,1.2791236e-07,3.2696696e-06,-1.5837469e-07,2.9736435e-05,-1.4958343e-06,4.463586e-08,2.1210838e-07,6.8413067e-07,9.24228e-06,-1.533352e-05,1.1417743e-05,-1.3924168e-07,3.0591035e-08,1.6010676e-09,-3.1783482e-05,8.058695e-06,-1.4795182e-05,6.6568887e-06,-0.0008469115,7.252e-05,1.3790427e-06,5.20096e-07,3.4842677e-05,1.5671368e-08,4.775592e-06,1.8996825e-06,3.467879e-07,-6.0276543e-06,1.7849029e-08,0.0001563369,0.00038643106,-5.173521e-05,-3.4127916e-06,-4.176928e-05,7.574554e-07,4.2979028e-07,3.416223e-07,-4.8268885e-06,5.6980605e-07,3.1171672e-05,0.00013011022,6.132299e-07,2.096069e-08,-0.00028685198,-6.792435e-05,2.9301319e-08,1.6152632e-07,9.496685e-09,-0.0001415864,6.50735e-08,0.00043776026,7.7188076e-08,0.00032016868,1.1597411e-07,-0.00020720703,1.2109636e-08,5.96601e-08,-1.3116738e-05,-2.2256778e-05,-2.5815918e-06,4.4776587e-07,8.6632923e-07,1.2089512e-07,-6.346946e-06,-4.3175066e-07,6.459446e-08,4.9237e-08,-0.00017457445,0.000185238,3.6082065e-07,4.5536826e-08,4.5720167e-08,3.058399e-08,-6.127243e-05,-1.5029087e-07,-1.556782e-06,-6.593488e-06,9.930705e-05,-3.4248476e-06,3.4893444e-10,5.1426225e-05,-8.397608e-06,0.00018950751,2.567346e-07,-0.00026167237,-8.636746e-06,-2.1161184e-05
Test: Kyle Boller,2.2306992e-09,2.7799484e-07,1.3071117e-06,1.5366345e-08,1.4690115e-09,-5.2268523e-09,5.734755e-09,3.385196e-09,3.9603454e-09,5.0899773e-09,4.0894616e-07,-3.752783e-09,2.4607134e-09,4.7001897e-10,-1.0456663e-06,-1.827175e-08,2.8065361e-09,-9.273214e-12,-2.4661457e-08,4.3356767e-09,5.1858224e-06,2.998685e-09,3.168489e-07,-1.0474174e-08,3.7833922e-06,2.4781313e-09,-1.1049054e-07,-2.8551e-08,1.3490198e-08,1.1259041e-06,6.154796e-10,6.722116e-10,8.8253e-10,1.0445442e-06,-9.1268575e-09,1.2670235e-07,2.1738782e-09,8.975833e-07,6.3252396e-06,-4.045531e-06,-6.213452e-10,-5.178243e-08,-1.8223855e-09,-1.4781344e-10,1.5752326e-08,2.1640112e-06,-2.5647926e-06,2.662314e-07,1.5768892e-09,6.8580607e-06,1.9223387e-06,4.2623052e-10,5.1541758e-08,1.2343253e-09,1.3234583e-09,-2.2266216e-09,-3.951368e-08,-1.7893343e-07,1.3235589e-10,-1.319719e-05,-5.3310568e-12,4.9652287e-09,-4.65203e-09,2.8047173e-10,-2.7525198e-09,1.36627625e-08,3.9934006e-10,-1.6000781e-08,2.9612167e-07,4.0056783e-10,-1.2233231e-07,-3.7544456e-09,1.5294897e-06,-3.1974604e-08,-4.9801e-12,-1.0788001e-06,2.0940783e-08,-4.3809754e-07,-5.046888e-07,-6.354831e-07,6.658724e-08,-3.9642e-09,4.6277062e-11,-1.2963719e-06,-1.2407615e-07,-3.9237074e-07,4.034559e-07,-1.7904555e-05,4.6746953e-07,-2.5666742e-08,-1.7174976e-09,1.191097e-06,1.412907e-09,-7.580916e-09,2.5354831e-08,1.8625267e-08,-1.3784744e-07,5.280078e-10,6.815021e-06,9.973352e-07,-1.482904e-06,-8.523174e-08,-1.0461814e-06,1.4482043e-08,7.62857e-09,1.1096185e-08,-6.549894e-08,8.161608e-08,1.5174533e-07,5.267701e-06,1.2074766e-08,1.3554029e-09,-1.2941363e-05,-8.631683e-06,4.2110307e-10,2.2083588e-09,1.7358674e-10,-3.5331993e-06,-9.513664e-11,2.328195e-05,5.243014e-09,1.1688617e-05,2.8437708e-09,-4.1683643e-06,1.0943084e-10,7.0612685e-09,-3.5454994e-07,-1.3029781e-06,-1.6244735e-07,1.365509e-08,2.3361935e-08,2.913556e-09,-2.2408933e-07,-6.038782e-08,2.073101e-09,1.9659796e-09,-9.819827e-06,6.2308536e-06,2.5701357e-08,2.9794522e-09,3.2869631e-09,-4.2875765e-11,-1.5431358e-06,-8.877169e-10,1.3742105e-07,-3.7123058e-07,3.533196e-06,-7.4654466e-08,8.7703456e-12,5.7708536e-07,-1.813309e-07,7.751344e-06,1.3813262e-08,1.215306e-06,-6.6975883e-07,1.0219503e-06
Test: Trent Green,-4.4300606e-07,-0.00010964692,0.0001737682,1.0042389e-06,-4.2264867e-07,-2.3615767e-06,-4.579151e-07,1.082273e-06,-4.9149144e-06,-5.148531e-07,1.7617926e-05,3.9758993e-06,-8.070759e-05,3.9140426e-07,0.00014955013,5.471823e-06,-4.0212618e-07,1.4140617e-06,3.0419762e-05,6.6293074e-07,0.006998373,-2.8570278e-07,-0.00019284175,2.0902315e-05,-0.0016562855,-1.7818758e-07,0.000121219295,1.1560191e-05,1.7196969e-06,0.0016847118,-5.5761628e-08,-1.5811433e-07,3.2693115e-06,-0.0002739406,0.00013133965,-2.1926377e-05,4.2189627e-06,-0.00077321107,-0.0038990283,-3.481241e-05,2.0223258e-06,1.4044573e-05,4.6040237e-05,6.541914e-07,2.0877293e-08,-0.0012497931,-0.0006970243,-5.1140527e-05,7.940557e-08,0.00021283564,0.0003840455,3.1470897e-08,-2.1056052e-05,-3.73676e-07,3.445784e-07,5.1439188e-06,7.941355e-05,0.000101235746,-7.0840684e-08,-0.009528735,3.805373e-07,1.2465199e-06,-3.3663086e-06,6.920292e-08,4.09779e-06,-3.3509707e-05,9.291516e-07,4.7309066e-05,-0.0003825732,4.910143e-07,-2.9619938e-05,1.1484223e-05,-0.00064778095,-9.805743e-06,1.5275615e-06,5.628788e-05,3.2571752e-06,-0.00074539456,-0.00027750555,0.0011216259,-1.8749663e-05,5.6182857e-06,1.041822e-07,0.0016720935,-0.00011430981,0.00017790074,-0.00021076007,0.006066218,-0.00065702456,0.00011333467,-4.7246212e-06,-0.0005552779,-3.1911053e-08,-0.00014973627,2.7784456e-05,-1.4888034e-05,9.349919e-05,-1.1714365e-07,0.0028170573,-0.00307957,0.002008403,-8.860381e-06,0.0010669765,-1.2218161e-05,1.0694114e-05,-5.0624776e-06,3.3519525e-06,2.9077773e-05,-0.00045901455,0.004017061,-9.4103125e-06,-1.2740593e-07,-0.012674592,-0.00590185,-2.0996103e-07,-2.1605997e-06,1.907798e-07,-0.000673467,8.2032955e-07,0.004200579,-2.1903945e-07,-0.0038122651,1.7566873e-07,-0.0014116334,2.109596e-07,2.5164045e-06,0.0007751137,0.00057973136,0.00026138008,-3.1524496e-06,1.9216648e-05,-8.9556437e-07,0.00023872059,1.7969316e-05,-5.5687137e-06,-1.7404601e-06,0.006647796,0.00091603416,-9.07784e-06,-2.9504101e-06,3.6711242e-07,4.839839e-07,0.0005688357,8.5579095e-06,0.00027643223,0.00022026183,-0.0026044187,3.2756798e-05,-3.68574e-10,-1.5257776e-05,0.00012530133,0.0053628413,-7.939341e-06,0.004533703,-0.0010577341,3.753897e-05
Test: Jake Plummer,-1.0031319e-07,-3.457097e-05,-3.2843553e-05,8.9276256e-07,-6.0167897e-09,-3.007753e-07,-3.608816e-07,-3.06555e-08,-4.223979e-07,-1.8622377e-08,-0.00010061092,1.0179917e-06,5.0035933e-06,-1.9166682e-08,4.4223674e-05,5.5933624e-06,-5.1585207e-08,1.5734228e-07,3.9492775e-06,-6.943286e-08,-3.5684727e-05,-1.3912003e-07,-1.6555727e-05,3.0042336e-06,-7.382953e-05,-7.607001e-08,2.2615035e-05,4.5001934e-06,-1.6327748e-07,8.984575e-05,-1.4687826e-10,-1.4437488e-08,-4.478089e-08,6.3730884e-05,1.2443789e-05,-1.8610559e-05,-8.5759274e-07,-0.00015441043,-0.00073969126,0.00045321853,9.405715e-08,4.2113356e-06,6.128176e-06,1.4883514e-07,-4.1601737e-07,-6.7732326e-05,0.00018061238,-2.3144967e-05,-2.834365e-08,-0.00085359416,-0.00017049123,2.350745e-08,-5.8026603e-06,-1.720085e-07,-6.4577743e-09,4.8996696e-07,6.6544644e-06,7.0316535e-05,-2.9608411e-09,-0.002714511,-5.9998926e-09,-9.001564e-08,3.1729267e-06,3.978256e-08,-2.8198286e-07,-3.1033555e-06,1.8750603e-07,4.0581995e-06,-5.707074e-05,6.692204e-08,-2.1815285e-05,1.9362733e-06,-0.00017326979,5.125004e-06,2.0213662e-07,-9.4139694e-05,-5.9179865e-07,-4.598104e-05,2.6923928e-05,4.0266088e-05,-1.1917414e-06,9.548896e-07,2.0102908e-09,0.00012242557,-2.8178727e-05,5.9575534e-05,-3.7565416e-05,0.0025210183,-0.0005615557,5.6183862e-06,1.5792527e-06,-3.141213e-05,-2.8764662e-08,-1.897817e-05,-1.6661467e-06,-1.8073747e-06,4.659267e-05,-7.119227e-09,-2.0937192e-05,-0.0015855556,0.00026623742,7.467024e-06,0.00014331735,-1.433683e-06,-5.468362e-07,-8.714722e-07,6.085919e-06,-1.8530849e-06,-9.063292e-05,-0.00028208687,-7.036487e-07,1.0589409e-07,0.0031412258,-0.0003413331,-2.8428454e-08,-4.03253e-08,2.831323e-08,0.00040413963,-7.092321e-08,0.00084387895,-2.058489e-07,-0.00095891947,-3.129e-07,8.866405e-05,-3.2563459e-09,-1.6737685e-07,0.00012336348,8.545798e-05,4.0890383e-05,-1.8821081e-06,1.6972936e-06,-1.8439412e-07,5.1515228e-05,6.903563e-06,5.5792094e-07,-1.897615e-08,0.00037509823,0.00016383508,-1.4139085e-06,9.585422e-07,-1.8240715e-07,3.4236454e-08,0.00015823383,1.8025656e-06,2.4436938e-05,4.3235163e-05,0.00026010824,1.7953587e-05,-8.096863e-10,-0.00031161297,3.0008827e-05,-0.00017416141,-9.990944e-07,0.0007940143,-4.691277e-05,0.00017443656
Test: Jim Hart,-1.0342242e-06,-0.0001479002,-0.005467974,2.8922443e-05,-2.353008e-06,-3.2260778e-05,-7.31779e-06,-2.47433e-06,-6.9885124e-07,-8.123148e-07,0.00092107104,5.073811e-06,0.0003194143,-2.2004203e-06,-0.00031145173,0.00015035825,-1.9125118e-06,-3.5328947e-06,6.0435912e-05,-4.1997964e-06,-0.03424735,-2.509417e-06,0.00015224375,2.9627941e-05,0.028359866,-8.885155e-07,-0.00027129098,5.240934e-05,4.757962e-06,-0.011819773,-1.4900637e-06,-5.6925263e-08,-4.510051e-06,-0.0016815547,1.2057666e-05,-0.00019596591,-2.7878394e-05,0.0031142388,-0.0100044245,0.0021698452,1.9229872e-06,0.00012306336,6.5525775e-05,1.0859611e-06,-3.85616e-05,0.0035493302,0.0028433988,0.0011128405,-1.2897129e-06,0.004527764,-0.0018908437,-6.0249175e-07,-2.205174e-06,1.2863904e-06,-2.9514003e-06,-1.8147159e-06,-0.00012532437,0.0011248526,-1.09813286e-07,0.0016299689,-2.5199317e-06,-3.3384392e-06,0.00010036913,-1.7396277e-06,-2.91123e-05,-0.000104039915,-1.4921924e-06,-6.710982e-05,-1.9513232e-05,-1.8401371e-06,5.1212504e-05,-3.3315973e-05,-0.0008393985,9.2382455e-05,-1.4212677e-06,0.0033349774,1.8380717e-05,0.002385446,0.0010055498,-0.002403942,0.00014121312,3.0654387e-06,-1.2266457e-07,-0.0012571157,0.00027535172,0.0002901875,-0.00011708634,0.03042268,0.007297618,-6.527881e-05,9.090027e-06,0.0022936775,-7.1536675e-07,-0.00016853286,-8.8014465e-05,8.102626e-06,0.0007823606,-5.0334427e-07,-0.0098219635,-0.021120772,0.0038037568,6.407301e-05,0.0028141798,-1.8270539e-05,-1.687166e-05,-2.5553145e-06,0.00085807074,-6.577932e-05,-0.0011400043,-0.04294801,-4.416522e-05,2.307199e-06,0.03062616,0.0072379103,-1.6084227e-06,-7.722383e-06,-6.8399555e-07,0.024909519,-7.330169e-06,-0.00835455,-3.6742915e-06,-0.0120772,-5.330104e-06,0.03719195,-9.90095e-07,-6.273882e-06,0.0009475075,0.0013019235,-0.00082101393,-6.0432044e-06,-9.7843964e-05,-2.9592607e-06,0.00050130946,0.00032155332,1.364907e-05,1.4359808e-06,-0.024481269,-0.00962029,2.7405326e-06,4.4039534e-06,-2.897522e-06,-5.7758126e-07,0.0014752215,1.0198871e-05,0.0005664579,0.00054440787,-0.029541565,8.3720035e-05,-7.1017445e-09,-0.0034525318,0.00014971498,0.0020610318,-4.335824e-06,0.009847671,0.0063479934,0.0015546732
Test: Steve Bono,2.5843907e-08,3.105808e-06,2.134673e-05,4.0003042e-07,4.0225228e-08,1.1840688e-08,6.833525e-08,3.487384e-08,5.7392537e-08,5.4882232e-08,4.8130455e-06,-7.172884e-08,3.2457712e-07,1.1503686e-08,-1.5538935e-05,-1.9340362e-07,2.3720567e-08,2.8812519e-08,-3.7213835e-07,1.06948825e-07,-3.0348201e-05,4.113049e-08,3.2276075e-06,-1.7826959e-07,-5.7494963e-05,2.3278725e-08,-2.0429145e-07,-5.511111e-07,1.04574944e-07,4.5617853e-06,1.2721461e-08,6.6545605e-09,9.081525e-08,3.4153097e-06,1.523178e-06,5.69792e-07,-7.8352336e-08,3.4964338e-05,9.923489e-05,-7.177258e-05,4.870699e-09,-6.173404e-07,-4.905493e-08,-4.2566162e-10,2.98482e-07,2.4693705e-05,-4.9697624e-05,-5.999588e-07,1.6439046e-08,9.6065385e-05,3.722264e-05,1.1734939e-08,3.4016745e-07,-1.345166e-09,2.4383315e-08,-4.2740485e-08,-4.337601e-07,-5.0461867e-06,3.517874e-09,-9.919272e-05,4.0453942e-09,5.504217e-08,-6.397154e-08,7.0371757e-09,4.1148247e-08,6.106746e-07,3.710235e-08,-8.410323e-08,4.6705213e-06,3.6096306e-08,-8.4975295e-07,6.500687e-08,1.3305854e-05,-6.306393e-07,8.658535e-09,-9.35863e-06,3.069931e-07,-3.3373908e-06,-9.472562e-06,1.4170341e-05,-5.9065997e-09,-6.37967e-08,9.433868e-10,-1.5349944e-05,-2.1174058e-06,-5.86085e-06,3.5914863e-06,-0.00035716535,-9.902522e-06,4.609158e-07,4.3823619e-07,1.4045849e-05,1.1795006e-08,4.9873967e-07,1.1593974e-06,1.4007968e-07,-2.166432e-06,9.881495e-09,0.00011998957,0.00012297806,-2.0990674e-05,-1.8366907e-06,-1.8258195e-05,3.4646658e-07,1.5931836e-07,2.2882476e-07,-1.7678801e-06,7.2808484e-07,1.1356339e-05,0.0001522979,3.1493445e-07,1.7125455e-08,-0.00018987944,-8.7210195e-05,1.0950216e-08,6.448829e-08,2.504302e-09,-5.557074e-05,7.941481e-09,0.0004296388,6.9479256e-08,0.00017615454,5.3431382e-08,-9.241838e-05,4.7087103e-09,8.123877e-08,2.1026926e-06,-1.8748473e-05,-6.4735025e-07,4.0094773e-07,7.069097e-07,6.755574e-08,-2.3111313e-06,-8.3493944e-07,2.5566488e-08,3.3646916e-08,-0.00010053774,0.00011682423,2.4546648e-07,1.3950041e-08,3.7954802e-08,4.252152e-09,-3.3351043e-05,-2.4151788e-08,2.7022302e-06,-2.542378e-06,-4.76776e-05,-9.667377e-07,1.4966584e-10,2.7033011e-05,-2.3015975e-06,0.00012516958,9.8651334e-08,-5.6318404e-05,-1.30183635e-05,8.206049e-06
Test: Gus Frerotte,1.2194485e-08,1.0371837e-06,9.919341e-06,1.9788456e-07,1.3575675e-08,1.7853566e-07,3.1513046e-08,2.0837792e-08,3.0526884e-08,2.7799633e-08,3.0119793e-06,2.4181503e-09,-1.7760673e-08,5.934655e-09,-6.2032213e-06,2.04633e-08,1.07770886e-08,1.68218e-08,1.5251383e-07,4.5945402e-08,7.850377e-06,1.750123e-08,8.0084254e-07,7.496946e-08,8.933991e-06,1.4222588e-08,7.453578e-08,8.051646e-09,8.176585e-08,2.2903667e-05,4.3727324e-09,3.263398e-09,5.0219164e-08,7.1958675e-06,5.438321e-07,2.3007088e-07,2.0520476e-07,6.8656145e-06,2.7037433e-05,-2.5924148e-05,6.6937638e-09,-2.5209252e-07,4.2997738e-07,1.4766839e-08,1.498218e-07,1.8095996e-05,-1.6709186e-05,8.159134e-07,8.438699e-09,5.5144716e-05,1.8171198e-05,4.6165165e-09,1.1121149e-07,2.1741887e-08,1.5071238e-08,1.6484073e-08,3.8282888e-08,6.782396e-08,9.872678e-10,-7.892711e-05,1.4326847e-09,3.156035e-08,-2.497845e-09,1.3485515e-09,2.5698968e-08,8.548025e-09,3.9169116e-08,1.3923837e-07,1.2738145e-06,1.938359e-09,-3.490182e-07,6.012204e-08,2.6227153e-06,-5.3981072e-08,5.19677e-09,-4.0357163e-06,2.521629e-07,-3.312123e-06,-1.8661515e-06,2.0491548e-06,2.1240052e-07,1.651615e-08,2.119845e-09,8.570747e-08,-9.791825e-07,-1.8008645e-06,5.6039636e-07,-0.000110889756,-7.3064956e-07,4.76548e-07,1.9405592e-08,8.633093e-06,7.1084605e-09,7.974963e-07,5.060221e-07,3.6760397e-08,7.5752304e-08,4.0639088e-09,7.442259e-05,-5.729787e-05,1.1531666e-07,-5.3780053e-07,3.0119934e-06,9.4781356e-08,1.067882e-07,9.6476526e-08,5.591477e-07,4.2587348e-07,-7.1586624e-07,2.0072062e-05,7.649847e-08,1.1338855e-08,-2.9233528e-05,-9.117636e-05,3.6981653e-09,2.8566953e-08,2.5951021e-09,-1.8889034e-05,1.2308517e-08,0.00017739776,3.5664076e-08,8.27373e-05,2.4893453e-08,1.4507853e-05,3.5139454e-09,4.5706322e-08,1.164875e-06,-2.5085596e-06,-1.0049889e-06,9.580987e-08,3.9032074e-07,2.9594725e-08,1.3778646e-07,3.6265135e-07,2.1838416e-08,1.1650295e-08,-6.451622e-05,2.848751e-05,1.0840016e-07,8.236468e-08,2.0994623e-08,4.158589e-09,-2.871811e-07,8.7451504e-08,1.764305e-06,-1.232827e-06,-2.9120916e-05,-4.328532e-07,8.3576056e-11,1.4751868e-06,-1.6718575e-08,0.000107912565,3.3060157e-08,6.4824984e-05,2.039964e-06,1.1577737e-05
Test: Jim McMahon,-3.5351153e-08,-9.524994e-06,0.00017313672,-2.160232e-07,1.0054895e-07,3.0366023e-06,-3.582735e-08,-5.340488e-08,-7.3919e-08,-1.3808645e-07,-2.006182e-05,5.466696e-07,5.9126187e-06,6.87062e-08,8.883514e-05,-9.953953e-07,-3.717572e-08,3.3593284e-07,1.7907681e-06,4.4590347e-08,0.0005927663,-1.6122902e-08,-1.7627837e-05,7.895092e-07,-0.0010854353,-2.2575668e-08,1.9992169e-05,3.5967253e-07,-5.592234e-07,0.00053978467,4.575712e-08,-8.819944e-09,5.4076037e-07,5.5344324e-05,4.848471e-06,-2.5243314e-06,1.2422914e-06,-0.00017636719,7.36364e-05,0.00014969819,2.6144392e-07,2.3701373e-06,4.6679716e-08,2.4955435e-07,1.0841904e-06,-7.4754134e-05,0.00014085245,-4.747476e-05,-3.144311e-08,-0.00076316757,1.0911268e-05,5.8460376e-08,-3.3735607e-06,9.0247255e-08,9.4080846e-08,4.3549784e-07,6.8801064e-06,-1.1707411e-05,1.3737081e-08,0.0010183264,8.317633e-08,-7.18434e-08,-1.1071561e-06,6.7184644e-08,1.923297e-06,2.1073315e-06,1.2984637e-07,3.1242455e-06,9.665931e-06,1.8883817e-07,5.6438507e-06,2.3818034e-06,-9.033731e-05,2.0374384e-06,1.3444779e-07,2.2690503e-05,-6.6175323e-07,-4.7725865e-05,1.0383171e-05,0.0001742259,-6.1911683e-06,5.2522734e-07,1.7015195e-08,8.6114305e-05,-3.7871384e-06,1.6299202e-05,-2.3356952e-05,-0.0004147147,-0.00031183558,7.569776e-06,1.6618407e-06,-0.00010659511,-1.1877271e-08,3.9701363e-06,2.1498192e-06,-1.4615616e-06,-2.9135626e-06,1.8042149e-08,-0.00012062026,-6.683933e-05,-5.032273e-05,4.188409e-06,-1.085979e-05,8.3485656e-07,1.0650131e-06,-8.3739316e-08,-1.197879e-05,-2.202482e-06,1.307049e-06,0.0012667071,6.9700394e-07,1.3742201e-08,0.0004001145,0.00016214258,5.860609e-08,3.464878e-07,3.431364e-08,-0.00040009173,3.7648365e-07,-0.0017013905,-4.5862823e-08,0.00056329987,8.88466e-08,-0.00075866375,4.6324388e-08,-7.398747e-08,7.021902e-05,5.15117e-05,1.9152269e-05,-3.0461246e-07,3.63987e-06,8.155833e-08,-1.1612916e-05,-3.3181236e-06,1.5730018e-07,-2.271473e-08,0.00067519856,-1.0776543e-05,-6.537102e-07,1.2753636e-06,1.6606643e-08,1.5340726e-07,0.00014126049,1.2354012e-06,-2.8619923e-05,3.257806e-05,0.0010751011,1.7051149e-06,1.2853044e-10,-4.0060222e-05,1.7880657e-05,-0.00018874387,-5.345703e-07,0.00018230532,-9.1803355e-05,-4.808939e-06
Test: Cotton Davidson,1.1752097e-06,0.00024610537,9.678933e-05,1.1141348e-05,5.4051964e-07,-5.086744e-06,2.929472e-06,8.321935e-07,4.0897944e-06,1.923239e-06,0.000674227,-5.620028e-06,2.2501496e-05,-8.8139906e-08,-0.000668651,-4.263099e-06,9.4781797e-07,-7.429797e-07,-2.180854e-05,1.5902586e-06,-0.0044460823,1.4711705e-06,0.00024552573,-1.3204218e-05,0.0049229837,1.0911507e-06,-0.00012264375,-2.0085965e-05,6.0786265e-06,-0.0018276231,9.75463e-08,3.0425468e-07,3.714646e-07,-2.36137e-06,-2.7873672e-05,9.4976596e-05,-4.43783e-07,0.001144231,0.0032725977,-0.003404692,-6.847987e-07,-2.0355263e-05,-1.444049e-05,-9.662994e-07,5.2283062e-06,0.0015769289,-0.00092724303,0.00032566185,5.8703154e-07,0.005859505,0.0011647266,1.3606889e-07,4.7425267e-05,7.623731e-07,3.1691044e-07,-3.3336955e-06,-5.39063e-05,-0.00017806457,6.688483e-08,0.0026601683,-3.6728252e-07,1.6832075e-06,-4.5556203e-06,-1.8707438e-07,-4.3220252e-06,7.8566e-06,-8.017682e-07,-2.8298266e-05,0.0003926236,-3.716579e-07,1.5380367e-05,-1.05021445e-05,0.0013965922,-1.4514483e-05,-7.477285e-07,0.0004203634,1.4015484e-05,0.00036184606,-0.00012943326,-0.00036505735,4.2072363e-05,-4.686387e-06,-2.5775389e-08,-0.0010648269,7.656574e-05,-0.00033740918,0.00037129573,-0.013213394,0.004272713,-4.244276e-05,4.443422e-06,0.0008275588,4.877449e-07,0.00011845022,1.1992806e-05,2.0170624e-05,-0.00011450706,1.7339119e-07,0.0029302826,0.007071675,-0.001213865,-6.7442066e-05,-0.000577739,8.409178e-06,4.576264e-06,7.6104484e-06,-8.38934e-06,2.8775634e-05,0.000430122,-0.0036139297,5.13324e-06,3.5560777e-07,-0.016991718,-0.0005935983,9.195011e-08,6.879506e-07,-1.1443709e-07,-0.00048026303,-5.8609055e-07,0.0099286195,2.584972e-06,0.0054475884,1.789798e-06,0.0012787109,-6.243556e-08,2.3751554e-06,-0.0005740162,-0.0007510368,-0.00024683026,1.06121315e-05,-2.7016101e-06,1.9740512e-06,-0.00016462174,9.8459495e-06,8.217498e-07,1.2015896e-06,-0.0058998563,0.0023902995,1.6078726e-05,-2.0383784e-06,1.5267102e-06,-2.3234128e-07,-0.0008944823,-5.4750953e-06,8.633382e-05,-0.0003828475,6.023287e-05,-9.923446e-05,5.670895e-09,0.0012976845,-0.0001817176,0.0033021965,1.0122677e-05,-0.0049785636,0.00072691706,-0.00025290836
Test: Fran Tarkenton,9.5509e-05,0.0141299395,0.17114078,0.0008053548,0.0001274101,0.0004584378,0.000309954,0.000101655496,0.00031505476,0.0001826556,0.028618267,-0.00043657568,-0.0021892881,5.0050552e-05,-0.05761614,-0.0026437303,9.394855e-05,0.00015838642,-0.0019276126,0.00026972138,0.3794669,0.00014702218,0.011544157,-0.0006907907,-0.3778114,8.265854e-05,0.0002606012,-0.0030940417,0.00021523882,0.16610941,6.233128e-05,2.193916e-05,0.0003293152,0.015004273,0.0032110997,0.005231727,0.00030770033,0.018129295,0.5077883,-0.3811156,-4.694717e-06,-0.0012306992,-0.00093125296,-4.6643407e-05,0.0014975511,0.06569394,-0.16399461,-0.009263862,6.330141e-05,0.45138592,0.18599698,5.5828084e-05,0.0016436576,2.1653941e-05,0.00011087112,-8.946613e-05,-0.00074498006,-0.03764535,1.2639995e-05,-0.35318735,3.719583e-05,0.00017613958,-0.0009631905,4.4696793e-05,0.000560893,0.0035098842,0.00011977682,0.000458225,0.03155533,0.00013069491,0.0002672898,-9.367384e-05,0.067691095,-0.0040513147,5.9190617e-05,0.018352505,0.0013426376,0.0020396383,-0.05770501,0.06374295,-0.0014515821,-0.00016717124,6.6132716e-06,-0.050235923,-0.0015307104,-0.031522572,0.019608052,-1.6700252,0.087193765,0.0019891283,0.001223937,0.06795789,3.890195e-05,0.008347189,0.003165903,0.0008204497,-0.017154315,2.8923687e-05,0.6345183,0.7898916,-0.122849636,-0.009687789,-0.10009517,0.0012731281,0.00097456534,0.00062978157,-0.0168676,0.002438233,0.053892415,0.40083474,0.0010560967,3.5482448e-05,-1.4810739,-0.35898292,5.327205e-05,0.00029683503,1.937434e-05,-0.43575287,0.00013202187,1.4011964,0.00026176212,0.84025973,0.00028779532,-0.61046964,2.8848133e-05,0.0002754385,-0.027454501,-0.092154585,-0.0026474395,0.0007578691,0.0024487944,0.00018171029,-0.018237075,-0.0041225296,-4.6160112e-05,7.0142174e-05,-0.20998093,0.5173676,0.00085433736,6.768837e-05,0.00014542155,4.2905693e-05,-0.14151384,-0.0004932233,-0.003713126,-0.030374158,0.5624691,-0.009180939,7.65822e-07,0.16014217,-0.019215109,0.49169675,0.0005365491,-0.49522758,-0.044956207,-0.035041116
Test: Dave Krieg,-3.578186e-06,-0.00063767825,-0.003490224,-3.1523858e-05,-4.107133e-06,2.5084551e-05,-1.15661205e-05,-3.829689e-06,-1.1864359e-05,-7.033324e-06,-0.0016497433,2.3748238e-05,0.00015070921,-1.3143488e-06,0.0029067365,0.0001001851,-3.5469611e-06,-2.8864076e-06,0.00010257204,-1.008426e-05,-0.009511029,-5.416392e-06,-0.0005721035,3.716644e-05,0.0025461812,-2.9274483e-06,0.0002158264,0.00014683903,-9.893469e-06,0.0015868251,-1.8049049e-06,-8.194206e-07,-7.476627e-06,0.0009965396,-9.632258e-05,-0.00024377271,1.7755298e-06,-0.003953273,-0.020758057,0.017073946,1.4196586e-06,3.658515e-05,6.638744e-05,3.4889106e-06,-3.4339242e-05,-0.0028501407,0.0078063337,-0.0002433432,-2.4540636e-06,-0.020811256,-0.007213538,-1.6467399e-06,-0.00010296301,-2.7246443e-07,-3.5735918e-06,4.4863245e-06,8.565791e-05,0.001405572,-4.1529972e-07,0.0046899333,-5.646272e-07,-6.4057476e-06,2.9821222e-05,-7.873702e-07,-4.0986733e-06,-0.000103517516,-1.4129353e-06,2.3687899e-05,-0.001177637,-4.4268327e-06,-4.6933175e-05,3.4298322e-05,-0.003673315,0.00019383065,-9.08365e-07,-0.00055293966,-5.1153937e-05,-0.00071296084,0.00238726,-0.0016266191,-1.7217851e-06,1.3878891e-05,-6.5628484e-08,0.0033013555,-0.00026713678,0.001597745,-0.00091210235,0.06993396,-0.008632649,-2.5349136e-05,-4.9030714e-05,-0.0028267866,-1.3414679e-06,-0.0003311594,-0.000113098315,-4.439354e-05,0.00066848495,-1.0113172e-06,-0.017588887,-0.0325316,0.0046611545,0.0004656075,0.0035944653,-4.2503154e-05,-3.0955456e-05,-2.350451e-05,0.00035001614,-9.612117e-05,-0.0021376312,0.00021026422,-3.6464207e-05,-1.1358745e-06,0.056149155,0.0068599675,-1.4622914e-06,-8.719794e-06,-3.8339198e-07,0.007225893,-1.4173817e-06,-0.047898777,-9.314712e-06,-0.027946329,-9.6701415e-06,0.0108245285,-6.501641e-07,-9.71095e-06,0.0013264272,0.0036559862,0.00030597264,-4.359371e-05,-5.6040364e-05,-6.3186912e-06,0.00072118384,0.00015369522,3.899614e-06,-3.1266434e-06,0.019714765,-0.016879333,-3.8045953e-05,9.866936e-06,-4.7337394e-06,-4.1608013e-07,0.007334953,3.3909117e-05,-0.00021577519,0.0010889872,-0.005057466,0.00034158147,-2.470489e-08,-0.006384849,0.00097188767,-0.016897364,-2.3981236e-05,0.023682974,9.562759e-05,0.0017665147
Test: Shaun Hill,4.839136e-08,7.0878255e-06,3.4135777e-05,1.04163945e-07,2.7866331e-08,-9.890432e-08,1.5088978e-07,1.04719376e-07,1.8418069e-08,1.0530693e-07,1.3168692e-05,-8.639845e-08,-2.0861864e-06,1.8296802e-08,-2.6454112e-05,-9.4756757e-07,5.871243e-08,1.4066293e-08,-6.0302006e-07,1.2219735e-07,0.00020415215,7.641289e-08,4.6791547e-06,-1.380734e-07,3.36459e-05,5.462763e-08,-7.9924024e-07,-1.0860326e-06,3.5519147e-07,5.276719e-05,1.33371225e-08,1.2112321e-08,8.070445e-08,1.353593e-05,1.5591262e-06,3.7385807e-06,1.14287346e-07,1.828568e-05,0.00012137777,-9.226275e-05,1.4957078e-09,-1.6725544e-06,1.9194732e-07,-8.953896e-09,3.8325777e-07,1.5809785e-05,-8.660766e-05,6.166421e-06,4.2215884e-08,0.0001542509,5.369725e-05,3.9237404e-09,1.147419e-06,1.4529322e-08,3.4711586e-08,-4.9860645e-08,1.7411013e-07,-7.458317e-06,7.6470724e-10,-0.00026541276,8.460968e-09,1.5028404e-07,-4.3989144e-07,3.77184e-09,-9.833103e-10,1.2719687e-07,-1.2811104e-08,1.5039514e-07,1.8831483e-06,-1.7943298e-09,-2.4414155e-06,5.0289135e-08,3.4223383e-05,-1.3402541e-06,2.326671e-09,-2.9017125e-05,3.8631495e-07,-2.590814e-05,-1.6471688e-05,1.3819591e-05,9.360547e-07,-9.773116e-08,1.8365374e-09,-5.378322e-07,-3.9811284e-06,-7.517434e-06,7.138216e-06,-0.0004364838,1.1043178e-05,1.4452511e-06,-9.6050464e-08,9.531527e-06,3.2544026e-08,-1.0064036e-06,1.048884e-06,2.437278e-07,-4.808637e-06,8.138262e-09,0.00019650497,7.3641626e-05,-1.546584e-05,-2.510881e-06,-1.9006719e-05,1.31654e-07,3.171921e-07,1.9275227e-07,-3.3635924e-06,2.7749443e-06,3.3706922e-06,0.00023749986,1.4782671e-07,1.4056382e-08,-0.0007096424,-0.00022448132,7.662827e-09,-2.17953e-09,4.6812034e-09,-0.000118251715,8.871609e-09,0.0005440446,1.3635842e-07,0.00022604378,7.45568e-08,-0.00016989847,6.108124e-09,2.2754843e-07,1.7381524e-06,-2.8020124e-05,1.5330763e-06,4.4449956e-07,9.206336e-07,4.5541544e-08,-3.8754e-06,-1.9553067e-06,-1.6106854e-07,1.9562745e-09,-5.7360343e-05,0.0001471459,4.5844214e-07,-9.677735e-08,9.528869e-08,-2.630295e-09,-3.9331844e-05,-4.363357e-08,5.15684e-06,-5.3603126e-06,2.7858068e-05,-1.1406271e-06,1.7811579e-10,3.1715135e-05,-2.5971726e-06,0.00023931799,2.145622e-07,5.8352794e-05,-4.017392e-05,1.4682393e-05
Test: Jim Kelly,2.6351658e-05,0.0045303176,0.016965538,0.0004154646,1.8508308e-05,-8.058633e-05,6.884739e-05,2.766546e-05,7.881118e-05,4.7274218e-05,0.015662089,-9.885468e-05,-0.00015332882,8.669446e-06,-0.017414678,-0.00021079303,2.8507498e-05,6.386663e-06,-9.041527e-05,4.8079135e-05,0.08449143,3.3777935e-05,0.0043640095,-7.13238e-05,0.07299353,2.7541995e-05,-0.0031483746,-0.0003033642,0.00014181544,0.003084887,5.9191716e-06,7.3365395e-06,3.8740185e-05,0.004266881,-0.00064225704,0.002034949,0.0002557926,0.028651448,0.14512052,-0.14710815,1.2801652e-05,0.0002525083,-7.606746e-05,-4.2918273e-06,0.00021228525,0.052496757,-0.044046946,0.0050427704,1.6046972e-05,0.2347353,0.05303433,1.0313143e-05,0.0008459377,3.7571906e-05,1.8889205e-05,4.107219e-05,-0.0005506211,-0.006010194,3.3426884e-06,0.06179177,-1.9016865e-06,4.4736847e-05,-0.00012808516,1.5745874e-06,3.9873903e-05,-7.2427814e-05,3.797519e-05,-0.0002629968,0.00954414,2.9301764e-05,0.0012919134,-0.0003325824,0.024067702,-0.0008675296,6.441621e-06,0.0050582783,0.000591108,0.0094866725,-0.012310355,-0.019469695,0.00087811536,-2.716756e-05,1.7505688e-06,-0.02289365,0.0025419712,-0.012302967,0.0058232835,-0.41229802,0.068043776,-0.00018590064,-0.00013159942,0.030552521,1.4026885e-05,0.0014143459,0.0005939413,0.00033043846,-0.0038845649,8.016935e-06,0.12935674,0.11145951,-0.027215332,-0.002370982,-0.011959883,0.00030531402,0.00021952773,0.00019401683,0.0011682484,0.00069430517,0.010206343,-0.035502773,0.000105580395,2.2605038e-05,-0.22460435,-0.13643377,9.0406875e-06,4.5101588e-05,2.5305435e-06,-0.024059089,1.4125247e-05,0.1961963,5.8245936e-05,0.21306883,7.9444915e-05,0.017868966,3.7904372e-06,5.9446185e-05,-0.018972812,-0.015596317,-0.007406395,0.00031600296,3.243869e-05,5.9120008e-05,-0.0051086354,-0.00015528924,4.082912e-05,2.8586917e-05,-0.31353366,0.06500004,0.00033392385,3.1719097e-05,3.6491434e-05,1.034884e-05,-0.03444921,-0.00010377931,0.0023867546,-0.009770271,-0.021549975,-0.0035491749,2.5018463e-07,0.028795835,-0.0067636697,0.18987565,0.00019972469,-0.036189627,0.016646486,-0.0037944897
